key,filename
HIVE-26018,ql/src/java/org/apache/hadoop/hive/ql/exec/CommonJoinOperator.java
HIVE-26018,ql/src/test/queries/clientpositive/uniquejoin2.q
HIVE-26018,ql/src/test/results/clientpositive/llap/uniquejoin2.q.out
HIVE-27675,common/src/java/org/apache/hadoop/hive/conf/HiveConf.java
HIVE-27675,hcatalog/webhcat/svr/src/main/java/org/apache/hive/hcatalog/templeton/tool/ZooKeeperStorage.java
HIVE-27675,itests/hive-unit/src/test/java/org/apache/hadoop/hive/metastore/security/ZooKeeperTokenStoreTestBase.java
HIVE-27675,itests/hive-unit/src/test/java/org/apache/hive/jdbc/TestRestrictedList.java
HIVE-27675,itests/hive-unit/src/test/java/org/apache/hive/service/server/InformationSchemaWithPrivilegeTestBase.java
HIVE-27675,jdbc/src/java/org/apache/hive/jdbc/HiveConnection.java
HIVE-27675,jdbc/src/java/org/apache/hive/jdbc/Utils.java
HIVE-27675,jdbc/src/java/org/apache/hive/jdbc/ZooKeeperHiveClientHelper.java
HIVE-27675,llap-client/src/java/org/apache/hadoop/hive/registry/impl/ZkRegistryBase.java
HIVE-27675,standalone-metastore/metastore-common/src/main/java/org/apache/hadoop/hive/common/SSLZookeeperFactory.java
HIVE-27675,standalone-metastore/metastore-common/src/main/java/org/apache/hadoop/hive/common/ZooKeeperHiveHelper.java
HIVE-27675,standalone-metastore/metastore-common/src/main/java/org/apache/hadoop/hive/metastore/conf/MetastoreConf.java
HIVE-27675,standalone-metastore/metastore-server/src/main/java/org/apache/hadoop/hive/metastore/security/MetastoreDelegationTokenManager.java
HIVE-27675,standalone-metastore/metastore-server/src/main/java/org/apache/hadoop/hive/metastore/security/ZooKeeperTokenStore.java
HIVE-21074,ql/src/java/org/apache/hadoop/hive/ql/optimizer/FixedBucketPruningOptimizer.java
HIVE-21074,ql/src/test/queries/clientpositive/bucketpruning1.q
HIVE-21074,ql/src/test/results/clientpositive/llap/bucketpruning1.q.out
HIVE-21074,ql/src/test/results/clientpositive/llap/tez_fixed_bucket_pruning.q.out
HIVE-25443,ql/src/java/org/apache/hadoop/hive/ql/io/arrow/ArrowColumnarBatchSerDe.java
HIVE-25443,ql/src/java/org/apache/hadoop/hive/ql/io/arrow/Deserializer.java
HIVE-25443,ql/src/test/org/apache/hadoop/hive/ql/io/arrow/TestArrowColumnarBatchSerDe.java
HIVE-25659,standalone-metastore/metastore-common/src/main/java/org/apache/hadoop/hive/metastore/conf/MetastoreConf.java
HIVE-25659,standalone-metastore/metastore-server/src/main/java/org/apache/hadoop/hive/metastore/txn/TxnUtils.java
HIVE-25659,standalone-metastore/metastore-server/src/test/java/org/apache/hadoop/hive/metastore/txn/TestTxnUtils.java
HIVE-25219,common/src/java/org/apache/hadoop/hive/conf/HiveConf.java
HIVE-25219,iceberg/iceberg-handler/src/test/results/positive/alter_multi_part_table_to_iceberg.q.out
HIVE-25219,iceberg/iceberg-handler/src/test/results/positive/alter_part_table_to_iceberg.q.out
HIVE-25219,iceberg/iceberg-handler/src/test/results/positive/alter_table_to_iceberg.q.out
HIVE-25219,ql/src/java/org/apache/hadoop/hive/ql/io/avro/AvroContainerOutputFormat.java
HIVE-25219,ql/src/java/org/apache/hadoop/hive/ql/io/avro/AvroGenericRecordReader.java
HIVE-25219,ql/src/test/queries/clientpositive/avro_write_legacy_timestamp.q
HIVE-25219,ql/src/test/queries/clientpositive/avro_write_new_timestamp.q
HIVE-25219,ql/src/test/results/clientpositive/llap/avro_schema_evolution_native.q.out
HIVE-25219,ql/src/test/results/clientpositive/llap/avro_write_legacy_timestamp.q.out
HIVE-25219,ql/src/test/results/clientpositive/llap/avro_write_new_timestamp.q.out
HIVE-25219,serde/src/java/org/apache/hadoop/hive/serde2/avro/AvroDeserializer.java
HIVE-25219,serde/src/java/org/apache/hadoop/hive/serde2/avro/AvroGenericRecordWritable.java
HIVE-25219,serde/src/java/org/apache/hadoop/hive/serde2/avro/AvroSerDe.java
HIVE-25219,serde/src/java/org/apache/hadoop/hive/serde2/avro/AvroSerializer.java
HIVE-25219,serde/src/test/org/apache/hadoop/hive/serde2/avro/TestAvroDeserializer.java
HIVE-25268,ql/src/java/org/apache/hadoop/hive/ql/udf/generic/GenericUDFDateFormat.java
HIVE-25268,ql/src/java/org/apache/hadoop/hive/ql/util/DateTimeMath.java
HIVE-25268,ql/src/test/org/apache/hadoop/hive/ql/udf/generic/TestGenericUDFDateFormat.java
HIVE-25268,ql/src/test/queries/clientpositive/udf_date_format.q
HIVE-25268,ql/src/test/results/clientpositive/llap/udf_date_format.q.out
HIVE-25104,common/src/java/org/apache/hadoop/hive/conf/HiveConf.java
HIVE-25104,iceberg/iceberg-handler/src/test/results/positive/alter_multi_part_table_to_iceberg.q.out
HIVE-25104,iceberg/iceberg-handler/src/test/results/positive/alter_part_table_to_iceberg.q.out
HIVE-25104,iceberg/iceberg-handler/src/test/results/positive/alter_table_to_iceberg.q.out
HIVE-25104,pom.xml
HIVE-25104,ql/pom.xml
HIVE-25104,ql/src/java/org/apache/hadoop/hive/ql/io/parquet/ParquetRecordReaderBase.java
HIVE-25104,ql/src/java/org/apache/hadoop/hive/ql/io/parquet/convert/ETypeConverter.java
HIVE-25104,ql/src/java/org/apache/hadoop/hive/ql/io/parquet/read/DataWritableReadSupport.java
HIVE-25104,ql/src/java/org/apache/hadoop/hive/ql/io/parquet/timestamp/NanoTimeUtils.java
HIVE-25104,ql/src/java/org/apache/hadoop/hive/ql/io/parquet/vector/ParquetDataColumnReaderFactory.java
HIVE-25104,ql/src/java/org/apache/hadoop/hive/ql/io/parquet/write/DataWritableWriteSupport.java
HIVE-25104,ql/src/java/org/apache/hadoop/hive/ql/io/parquet/write/DataWritableWriter.java
HIVE-25104,ql/src/test/org/apache/hadoop/hive/ql/io/parquet/VectorizedColumnReaderTestBase.java
HIVE-25104,ql/src/test/org/apache/hadoop/hive/ql/io/parquet/convert/MyConverterParent.java
HIVE-25104,ql/src/test/org/apache/hadoop/hive/ql/io/parquet/convert/TestETypeConverter.java
HIVE-25104,ql/src/test/org/apache/hadoop/hive/ql/io/parquet/serde/TestParquetTimestampUtils.java
HIVE-25104,ql/src/test/org/apache/hadoop/hive/ql/io/parquet/serde/TestParquetTimestampsHive2Compatibility.java
HIVE-25104,ql/src/test/queries/clientpositive/parquet_int96_legacy_compatibility_timestamp.q
HIVE-25104,ql/src/test/results/clientpositive/llap/materialized_view_parquet.q.out
HIVE-25104,ql/src/test/results/clientpositive/llap/parquet_int96_legacy_compatibility_timestamp.q.out
HIVE-25104,ql/src/test/results/clientpositive/llap/parquet_stats.q.out
HIVE-24570,spark-client/src/main/java/org/apache/hive/spark/client/AbstractSparkClient.java
HIVE-24245,ql/src/java/org/apache/hadoop/hive/ql/exec/vector/ptf/VectorPTFEvaluatorBytesCountDistinct.java
HIVE-24245,ql/src/java/org/apache/hadoop/hive/ql/exec/vector/ptf/VectorPTFEvaluatorCountDistinct.java
HIVE-24245,ql/src/java/org/apache/hadoop/hive/ql/exec/vector/ptf/VectorPTFEvaluatorDecimalCountDistinct.java
HIVE-24245,ql/src/java/org/apache/hadoop/hive/ql/exec/vector/ptf/VectorPTFEvaluatorDoubleCountDistinct.java
HIVE-24245,ql/src/java/org/apache/hadoop/hive/ql/exec/vector/ptf/VectorPTFEvaluatorLongCountDistinct.java
HIVE-24245,ql/src/java/org/apache/hadoop/hive/ql/exec/vector/ptf/VectorPTFEvaluatorTimestampCountDistinct.java
HIVE-24245,ql/src/java/org/apache/hadoop/hive/ql/optimizer/physical/Vectorizer.java
HIVE-24245,ql/src/java/org/apache/hadoop/hive/ql/plan/VectorPTFDesc.java
HIVE-24245,ql/src/java/org/apache/hadoop/hive/ql/udf/generic/GenericUDAFCount.java
HIVE-24245,ql/src/test/queries/clientpositive/vector_ptf_count_distinct.q
HIVE-24245,ql/src/test/results/clientpositive/llap/vector_ptf_count_distinct.q.out
HIVE-24288,ql/src/java/org/apache/hadoop/hive/ql/processors/CompileProcessor.java
HIVE-23873,jdbc-handler/src/main/java/org/apache/hive/storage/jdbc/dao/JdbcRecordIterator.java
HIVE-23873,ql/src/test/queries/clientpositive/external_jdbc_table4.q
HIVE-23873,ql/src/test/results/clientpositive/llap/external_jdbc_table4.q.out
HIVE-20771,serde/src/java/org/apache/hadoop/hive/serde2/lazybinary/LazyBinaryNonPrimitive.java
HIVE-20771,serde/src/test/org/apache/hadoop/hive/serde2/lazybinary/TestLazyBinaryStruct.java
HIVE-23717,common/src/java/org/apache/hadoop/hive/conf/HiveConf.java
HIVE-23717,itests/hive-unit/src/test/java/org/apache/hive/jdbc/TestJdbcDriver2.java
HIVE-23717,itests/hive-unit/src/test/java/org/apache/hive/jdbc/TestRestrictedList.java
HIVE-23717,jdbc/src/java/org/apache/hive/jdbc/HiveConnection.java
HIVE-23717,jdbc/src/java/org/apache/hive/jdbc/Utils.java
HIVE-23717,parser/src/java/org/apache/hadoop/hive/ql/parse/CreateDDLParser.g
HIVE-23717,parser/src/java/org/apache/hadoop/hive/ql/parse/HiveLexerParent.g
HIVE-23717,parser/src/java/org/apache/hadoop/hive/ql/parse/HiveParser.g
HIVE-23717,parser/src/java/org/apache/hadoop/hive/ql/parse/IdentifiersParser.g
HIVE-23717,ql/src/java/org/apache/hadoop/hive/ql/parse/SemanticAnalyzer.java
HIVE-23717,ql/src/java/org/apache/hadoop/hive/ql/processors/SetProcessor.java
HIVE-23339,hcatalog/core/src/main/java/org/apache/hive/hcatalog/cli/SemanticAnalysis/HCatSemanticAnalyzerBase.java
HIVE-23339,hcatalog/core/src/main/java/org/apache/hive/hcatalog/storagehandler/DummyHCatAuthProvider.java
HIVE-23339,itests/util/src/main/java/org/apache/hadoop/hive/ql/security/DummyHiveMetastoreAuthorizationProvider.java
HIVE-23339,ql/src/java/org/apache/hadoop/hive/ql/security/authorization/BitSetCheckedAuthorizationProvider.java
HIVE-23339,ql/src/java/org/apache/hadoop/hive/ql/security/authorization/HiveAuthorizationProvider.java
HIVE-23339,ql/src/java/org/apache/hadoop/hive/ql/security/authorization/MetaStoreAuthzAPIAuthorizerEmbedOnly.java
HIVE-23339,ql/src/java/org/apache/hadoop/hive/ql/security/authorization/StorageBasedAuthorizationProvider.java
HIVE-23339,ql/src/java/org/apache/hadoop/hive/ql/security/authorization/command/CommandAuthorizerV1.java
HIVE-23339,ql/src/test/queries/clientnegative/authorization_sba_alter_db_loc.q
HIVE-23339,ql/src/test/queries/clientnegative/authorization_sba_create_db_with_loc.q
HIVE-23339,ql/src/test/results/clientnegative/authorization_sba_alter_db_loc.q.out
HIVE-23339,ql/src/test/results/clientnegative/authorization_sba_create_db_with_loc.q.out
HIVE-22687,llap-client/src/java/org/apache/hadoop/hive/llap/registry/impl/LlapZookeeperRegistryImpl.java
HIVE-22687,llap-client/src/java/org/apache/hadoop/hive/registry/impl/ZkRegistryBase.java
HIVE-23435,ql/src/java/org/apache/hadoop/hive/ql/exec/CommonJoinOperator.java
HIVE-23435,ql/src/java/org/apache/hadoop/hive/ql/exec/CommonMergeJoinOperator.java
HIVE-23435,ql/src/java/org/apache/hadoop/hive/ql/exec/JoinOperator.java
HIVE-23435,ql/src/java/org/apache/hadoop/hive/ql/exec/MapJoinOperator.java
HIVE-23435,ql/src/java/org/apache/hadoop/hive/ql/exec/SMBMapJoinOperator.java
HIVE-23435,ql/src/java/org/apache/hadoop/hive/ql/exec/vector/VectorMapJoinBaseOperator.java
HIVE-23435,ql/src/java/org/apache/hadoop/hive/ql/exec/vector/VectorSMBMapJoinOperator.java
HIVE-23435,ql/src/test/queries/clientpositive/vector_full_outer_join2.q
HIVE-23435,ql/src/test/results/clientpositive/llap/join_1to1.q.out
HIVE-23435,ql/src/test/results/clientpositive/llap/vector_full_outer_join2.q.out
HIVE-23347,itests/src/test/resources/testconfiguration.properties
HIVE-23347,ql/src/test/org/apache/hadoop/hive/ql/exec/TestMsckCreatePartitionsInBatches.java
HIVE-23347,ql/src/test/queries/clientnegative/msck_repair_5.q
HIVE-23347,ql/src/test/queries/clientnegative/msck_repair_6.q
HIVE-23347,ql/src/test/queries/clientpositive/msck_repair_4.q
HIVE-23347,ql/src/test/queries/clientpositive/msck_repair_5.q
HIVE-23347,ql/src/test/queries/clientpositive/msck_repair_6.q
HIVE-23347,ql/src/test/results/clientnegative/msck_repair_5.q.out
HIVE-23347,ql/src/test/results/clientnegative/msck_repair_6.q.out
HIVE-23347,ql/src/test/results/clientpositive/msck_repair_4.q.out
HIVE-23347,ql/src/test/results/clientpositive/msck_repair_5.q.out
HIVE-23347,ql/src/test/results/clientpositive/msck_repair_6.q.out
HIVE-23347,standalone-metastore/metastore-common/src/main/java/org/apache/hadoop/hive/metastore/CheckResult.java
HIVE-23347,standalone-metastore/metastore-server/src/main/java/org/apache/hadoop/hive/metastore/HiveMetaStoreChecker.java
HIVE-23347,standalone-metastore/metastore-server/src/main/java/org/apache/hadoop/hive/metastore/Msck.java
HIVE-23347,standalone-metastore/metastore-server/src/main/java/org/apache/hadoop/hive/metastore/utils/MetaStoreServerUtils.java
HIVE-23178,ql/src/java/org/apache/hadoop/hive/ql/exec/tez/TezTotalOrderPartitioner.java
HIVE-23178,ql/src/test/org/apache/hadoop/hive/ql/exec/tez/TestTezTotalOrderPartitioner.java
HIVE-22769,data/files/compressed_4line_file1.csv
HIVE-22769,data/files/compressed_4line_file1.csv.bz2
HIVE-22769,data/files/compressed_4line_file2.csv
HIVE-22769,data/files/compressed_4line_file2.csv.bz2
HIVE-22769,itests/src/test/resources/testconfiguration.properties
HIVE-22769,llap-server/src/java/org/apache/hadoop/hive/llap/io/encoded/LineRrOffsetReader.java
HIVE-22769,llap-server/src/java/org/apache/hadoop/hive/llap/io/encoded/PassThruOffsetReader.java
HIVE-22769,llap-server/src/java/org/apache/hadoop/hive/llap/io/encoded/SerDeEncodedDataReader.java
HIVE-22769,ql/src/java/org/apache/hadoop/hive/ql/io/HiveContextAwareRecordReader.java
HIVE-22769,ql/src/java/org/apache/hadoop/hive/ql/io/HiveInputFormat.java
HIVE-22769,ql/src/java/org/apache/hadoop/hive/ql/io/SkippingTextInputFormat.java
HIVE-22769,ql/src/test/org/apache/hadoop/hive/ql/io/TestLineBuffer.java
HIVE-22769,ql/src/test/org/apache/hadoop/hive/ql/io/TestSkippingTextInputFormat.java
HIVE-22769,ql/src/test/queries/clientpositive/compressed_skip_header_footer_aggr.q
HIVE-22769,ql/src/test/queries/clientpositive/skip_header_footer_aggr.q
HIVE-22769,ql/src/test/queries/clientpositive/skip_header_footer_proj.q
HIVE-22769,ql/src/test/results/clientpositive/llap/compressed_skip_header_footer_aggr.q.out
HIVE-22769,ql/src/test/results/clientpositive/llap/skip_header_footer_aggr.q.out
HIVE-22769,ql/src/test/results/clientpositive/llap/skip_header_footer_proj.q.out
HIVE-23230,itests/hive-unit/src/test/java/org/apache/hive/jdbc/AbstractTestJdbcGenericUDTFGetSplits.java
HIVE-23230,itests/hive-unit/src/test/java/org/apache/hive/jdbc/TestJdbcGenericUDTFGetSplits.java
HIVE-23230,itests/hive-unit/src/test/java/org/apache/hive/jdbc/TestJdbcGenericUDTFGetSplits2.java
HIVE-23230,itests/hive-unit/src/test/java/org/apache/hive/jdbc/TestJdbcWithMiniLlapArrow.java
HIVE-23230,itests/hive-unit/src/test/java/org/apache/hive/jdbc/TestJdbcWithMiniLlapRow.java
HIVE-23230,itests/hive-unit/src/test/java/org/apache/hive/jdbc/TestJdbcWithMiniLlapVectorArrow.java
HIVE-23230,itests/hive-unit/src/test/java/org/apache/hive/jdbc/TestJdbcWithMiniLlapVectorArrowBatch.java
HIVE-23230,itests/hive-unit/src/test/java/org/apache/hive/jdbc/TestNewGetSplitsFormat.java
HIVE-23230,itests/hive-unit/src/test/java/org/apache/hive/jdbc/TestNewGetSplitsFormatReturnPath.java
HIVE-23230,ql/src/java/org/apache/hadoop/hive/ql/udf/generic/GenericUDTFGetSplits.java
HIVE-23265,itests/src/test/resources/testconfiguration.properties
HIVE-23265,ql/src/java/org/apache/hadoop/hive/ql/exec/vector/VectorLimitOperator.java
HIVE-23265,ql/src/test/queries/clientpositive/vector_offset_limit_reduce.q
HIVE-23265,ql/src/test/results/clientpositive/llap/vector_offset_limit_reduce.q.out
HIVE-23058,itests/hive-unit/src/test/java/org/apache/hadoop/hive/ql/txn/compactor/TestCompactor.java
HIVE-23058,ql/src/java/org/apache/hadoop/hive/ql/txn/compactor/CompactorMR.java
HIVE-22566,itests/hcatalog-unit/src/test/java/org/apache/hive/hcatalog/listener/DummyRawStoreFailEvent.java
HIVE-22566,ql/src/java/org/apache/hadoop/hive/ql/metadata/Hive.java
HIVE-22566,ql/src/test/queries/clientnegative/drop_table_used_by_mv2.q
HIVE-22566,ql/src/test/results/clientnegative/drop_table_used_by_mv.q.out
HIVE-22566,ql/src/test/results/clientnegative/drop_table_used_by_mv2.q.out
HIVE-22566,standalone-metastore/metastore-server/src/main/java/org/apache/hadoop/hive/metastore/HiveMetaStore.java
HIVE-22566,standalone-metastore/metastore-server/src/main/java/org/apache/hadoop/hive/metastore/ObjectStore.java
HIVE-22566,standalone-metastore/metastore-server/src/main/java/org/apache/hadoop/hive/metastore/RawStore.java
HIVE-22566,standalone-metastore/metastore-server/src/main/java/org/apache/hadoop/hive/metastore/cache/CachedStore.java
HIVE-22566,standalone-metastore/metastore-server/src/test/java/org/apache/hadoop/hive/metastore/DummyRawStoreControlledCommit.java
HIVE-22566,standalone-metastore/metastore-server/src/test/java/org/apache/hadoop/hive/metastore/DummyRawStoreForJdoConnection.java
HIVE-23033,standalone-metastore/metastore-server/src/main/sql/mssql/hive-schema-4.0.0.mssql.sql
HIVE-23033,standalone-metastore/metastore-server/src/main/sql/mssql/upgrade-3.2.0-to-4.0.0.mssql.sql
HIVE-22527,ql/src/java/org/apache/hadoop/hive/ql/exec/tez/TezSessionPoolManager.java
HIVE-22400,common/src/java/org/apache/hadoop/hive/common/type/Timestamp.java
HIVE-22400,common/src/java/org/apache/hadoop/hive/common/type/TimestampUtils.java
HIVE-22400,ql/src/test/results/clientpositive/udf_hour.q.out
HIVE-22400,ql/src/test/results/clientpositive/udf_minute.q.out
HIVE-22400,ql/src/test/results/clientpositive/udf_second.q.out
HIVE-21917,ql/src/java/org/apache/hadoop/hive/ql/txn/compactor/Initiator.java
HIVE-21917,ql/src/test/org/apache/hadoop/hive/metastore/txn/TestCompactionTxnHandler.java
HIVE-21917,standalone-metastore/metastore-server/src/main/java/org/apache/hadoop/hive/metastore/txn/CompactionTxnHandler.java
HIVE-21917,standalone-metastore/metastore-server/src/main/java/org/apache/hadoop/hive/metastore/txn/TxnHandler.java
HIVE-21917,standalone-metastore/metastore-server/src/main/java/org/apache/hadoop/hive/metastore/txn/TxnStore.java
HIVE-22420,ql/src/java/org/apache/hadoop/hive/ql/lockmgr/DbTxnManager.java
HIVE-22207,ql/src/java/org/apache/hadoop/hive/ql/exec/tez/HiveSplitGenerator.java
HIVE-22208,ql/src/java/org/apache/hadoop/hive/ql/parse/SemanticAnalyzer.java
HIVE-22208,ql/src/test/queries/clientpositive/masking_reserved.q
HIVE-22208,ql/src/test/results/clientpositive/masking_reserved.q.out
HIVE-22170,ql/src/gen/vectorization/ExpressionTemplates/FilterColumnBetweenDynamicValue.txt
HIVE-22170,ql/src/java/org/apache/hadoop/hive/ql/exec/FunctionRegistry.java
HIVE-22170,ql/src/java/org/apache/hadoop/hive/ql/exec/vector/VectorFilterOperator.java
HIVE-22170,ql/src/java/org/apache/hadoop/hive/ql/exec/vector/VectorGroupByOperator.java
HIVE-22170,ql/src/java/org/apache/hadoop/hive/ql/exec/vector/VectorMapJoinOperator.java
HIVE-22170,ql/src/java/org/apache/hadoop/hive/ql/exec/vector/VectorSMBMapJoinOperator.java
HIVE-22170,ql/src/java/org/apache/hadoop/hive/ql/exec/vector/VectorSelectOperator.java
HIVE-22170,ql/src/java/org/apache/hadoop/hive/ql/exec/vector/VectorTopNKeyOperator.java
HIVE-22170,ql/src/java/org/apache/hadoop/hive/ql/exec/vector/VectorizationContext.java
HIVE-22170,ql/src/java/org/apache/hadoop/hive/ql/exec/vector/expressions/AbstractFilterStringColLikeStringScalar.java
HIVE-22170,ql/src/java/org/apache/hadoop/hive/ql/exec/vector/expressions/CastCharToBinary.java
HIVE-22170,ql/src/java/org/apache/hadoop/hive/ql/exec/vector/expressions/CastDecimalToString.java
HIVE-22170,ql/src/java/org/apache/hadoop/hive/ql/exec/vector/expressions/CastLongToString.java
HIVE-22170,ql/src/java/org/apache/hadoop/hive/ql/exec/vector/expressions/CastStringToLong.java
HIVE-22170,ql/src/java/org/apache/hadoop/hive/ql/exec/vector/expressions/CastTimestampToLong.java
HIVE-22170,ql/src/java/org/apache/hadoop/hive/ql/exec/vector/expressions/DecimalColumnInList.java
HIVE-22170,ql/src/java/org/apache/hadoop/hive/ql/exec/vector/expressions/FilterDecimalColumnInList.java
HIVE-22170,ql/src/java/org/apache/hadoop/hive/ql/exec/vector/expressions/FilterDoubleColumnInList.java
HIVE-22170,ql/src/java/org/apache/hadoop/hive/ql/exec/vector/expressions/FilterLongColumnInList.java
HIVE-22170,ql/src/java/org/apache/hadoop/hive/ql/exec/vector/expressions/FilterTimestampColumnInList.java
HIVE-22170,ql/src/java/org/apache/hadoop/hive/ql/exec/vector/expressions/FuncLongToString.java
HIVE-22170,ql/src/java/org/apache/hadoop/hive/ql/exec/vector/expressions/VectorExpression.java
HIVE-22170,ql/src/java/org/apache/hadoop/hive/ql/exec/vector/expressions/VectorInBloomFilterColDynamicValue.java
HIVE-22170,ql/src/java/org/apache/hadoop/hive/ql/exec/vector/expressions/VectorUDFDateAddColCol.java
HIVE-22170,ql/src/java/org/apache/hadoop/hive/ql/exec/vector/expressions/VectorUDFDateAddColScalar.java
HIVE-22170,ql/src/java/org/apache/hadoop/hive/ql/exec/vector/expressions/VectorUDFDateAddScalarCol.java
HIVE-22170,ql/src/java/org/apache/hadoop/hive/ql/exec/vector/expressions/VectorUDFDateDiffColCol.java
HIVE-22170,ql/src/java/org/apache/hadoop/hive/ql/exec/vector/expressions/VectorUDFTimestampFieldDate.java
HIVE-22170,ql/src/java/org/apache/hadoop/hive/ql/exec/vector/expressions/VectorUDFTimestampFieldString.java
HIVE-22170,ql/src/java/org/apache/hadoop/hive/ql/exec/vector/expressions/VectorUDFTimestampFieldTimestamp.java
HIVE-22170,ql/src/java/org/apache/hadoop/hive/ql/exec/vector/expressions/VectorUDFUnixTimeStampDate.java
HIVE-22170,ql/src/java/org/apache/hadoop/hive/ql/exec/vector/expressions/VectorUDFUnixTimeStampString.java
HIVE-22170,ql/src/java/org/apache/hadoop/hive/ql/exec/vector/expressions/VectorUDFUnixTimeStampTimestamp.java
HIVE-22170,ql/src/java/org/apache/hadoop/hive/ql/exec/vector/mapjoin/VectorMapJoinCommonOperator.java
HIVE-22170,ql/src/java/org/apache/hadoop/hive/ql/exec/vector/reducesink/VectorReduceSinkCommonOperator.java
HIVE-22170,ql/src/java/org/apache/hadoop/hive/ql/exec/vector/reducesink/VectorReduceSinkObjectHashOperator.java
HIVE-22170,ql/src/java/org/apache/hadoop/hive/ql/optimizer/physical/Vectorizer.java
HIVE-22170,ql/src/java/org/apache/hadoop/hive/ql/udf/UDFFromUnixTime.java
HIVE-22170,ql/src/java/org/apache/hadoop/hive/ql/udf/generic/GenericUDFFromUnixTime.java
HIVE-22170,ql/src/java/org/apache/hadoop/hive/ql/udf/generic/GenericUDFToUnixTimeStamp.java
HIVE-22170,ql/src/java/org/apache/hadoop/hive/ql/udf/generic/GenericUDFUnixTimeStamp.java
HIVE-22170,ql/src/test/org/apache/hadoop/hive/ql/exec/vector/aggregation/AggregationBase.java
HIVE-22170,ql/src/test/org/apache/hadoop/hive/ql/exec/vector/expressions/TestVectorArithmetic.java
HIVE-22170,ql/src/test/org/apache/hadoop/hive/ql/exec/vector/expressions/TestVectorBetweenIn.java
HIVE-22170,ql/src/test/org/apache/hadoop/hive/ql/exec/vector/expressions/TestVectorCastStatement.java
HIVE-22170,ql/src/test/org/apache/hadoop/hive/ql/exec/vector/expressions/TestVectorCoalesceElt.java
HIVE-22170,ql/src/test/org/apache/hadoop/hive/ql/exec/vector/expressions/TestVectorDateAddSub.java
HIVE-22170,ql/src/test/org/apache/hadoop/hive/ql/exec/vector/expressions/TestVectorDateDiff.java
HIVE-22170,ql/src/test/org/apache/hadoop/hive/ql/exec/vector/expressions/TestVectorDateExpressions.java
HIVE-22170,ql/src/test/org/apache/hadoop/hive/ql/exec/vector/expressions/TestVectorFilterCompare.java
HIVE-22170,ql/src/test/org/apache/hadoop/hive/ql/exec/vector/expressions/TestVectorFilterExpressions.java
HIVE-22170,ql/src/test/org/apache/hadoop/hive/ql/exec/vector/expressions/TestVectorGenericDateExpressions.java
HIVE-22170,ql/src/test/org/apache/hadoop/hive/ql/exec/vector/expressions/TestVectorIndex.java
HIVE-22170,ql/src/test/org/apache/hadoop/hive/ql/exec/vector/expressions/TestVectorMathFunctions.java
HIVE-22170,ql/src/test/org/apache/hadoop/hive/ql/exec/vector/expressions/TestVectorNegative.java
HIVE-22170,ql/src/test/org/apache/hadoop/hive/ql/exec/vector/expressions/TestVectorNull.java
HIVE-22170,ql/src/test/org/apache/hadoop/hive/ql/exec/vector/expressions/TestVectorStringConcat.java
HIVE-22170,ql/src/test/org/apache/hadoop/hive/ql/exec/vector/expressions/TestVectorStringExpressions.java
HIVE-22170,ql/src/test/org/apache/hadoop/hive/ql/exec/vector/expressions/TestVectorStructField.java
HIVE-22170,ql/src/test/org/apache/hadoop/hive/ql/exec/vector/expressions/TestVectorTimestampExpressions.java
HIVE-22170,ql/src/test/org/apache/hadoop/hive/ql/exec/vector/expressions/TestVectorTimestampExtract.java
HIVE-22170,ql/src/test/org/apache/hadoop/hive/ql/exec/vector/expressions/TestVectorTypeCasts.java
HIVE-22170,ql/src/test/org/apache/hadoop/hive/ql/udf/generic/TestGenericUDFToUnixTimestamp.java
HIVE-22170,ql/src/test/queries/clientpositive/foldts.q
HIVE-22170,ql/src/test/queries/clientpositive/udf5.q
HIVE-22170,ql/src/test/results/clientpositive/beeline/udf_unix_timestamp.q.out
HIVE-22170,ql/src/test/results/clientpositive/date_udf.q.out
HIVE-22170,ql/src/test/results/clientpositive/foldts.q.out
HIVE-22170,ql/src/test/results/clientpositive/llap/current_date_timestamp.q.out
HIVE-22170,ql/src/test/results/clientpositive/llap/vectorized_date_funcs.q.out
HIVE-22170,ql/src/test/results/clientpositive/llap/vectorized_timestamp_funcs.q.out
HIVE-22170,ql/src/test/results/clientpositive/spark/date_udf.q.out
HIVE-22170,ql/src/test/results/clientpositive/spark/timestamp_udf.q.out
HIVE-22170,ql/src/test/results/clientpositive/spark/vectorized_timestamp_funcs.q.out
HIVE-22170,ql/src/test/results/clientpositive/timestamp_udf.q.out
HIVE-22170,ql/src/test/results/clientpositive/udf5.q.out
HIVE-22170,ql/src/test/results/clientpositive/udf_folder_constants.q.out
HIVE-22170,ql/src/test/results/clientpositive/udf_from_unixtime.q.out
HIVE-22170,ql/src/test/results/clientpositive/udf_to_unix_timestamp.q.out
HIVE-22170,ql/src/test/results/clientpositive/udf_unix_timestamp.q.out
HIVE-22170,ql/src/test/results/clientpositive/vectorized_date_funcs.q.out
HIVE-22170,ql/src/test/results/clientpositive/vectorized_timestamp_funcs.q.out
HIVE-22178,ql/src/java/org/apache/hadoop/hive/ql/io/parquet/LeafFilterFactory.java
HIVE-22178,ql/src/test/org/apache/hadoop/hive/ql/io/parquet/read/TestParquetFilterPredicate.java
HIVE-22178,ql/src/test/queries/clientpositive/parquet_schema_evolution.q
HIVE-22178,ql/src/test/results/clientpositive/parquet_schema_evolution.q.out
HIVE-22121,ql/src/java/org/apache/hadoop/hive/ql/optimizer/FixedBucketPruningOptimizer.java
HIVE-22121,ql/src/test/queries/clientpositive/tez_fixed_bucket_pruning.q
HIVE-22121,ql/src/test/results/clientpositive/llap/tez_fixed_bucket_pruning.q.out
HIVE-22134,jdbc/pom.xml
HIVE-22114,itests/src/test/resources/testconfiguration.properties
HIVE-22114,ql/src/java/org/apache/hadoop/hive/ql/exec/Utilities.java
HIVE-22114,ql/src/test/queries/clientpositive/insert_only_empty_query.q
HIVE-22114,ql/src/test/results/clientpositive/llap/insert_only_empty_query.q.out
HIVE-21938,upgrade-acid/pre-upgrade/src/main/java/org/apache/hadoop/hive/upgrade/acid/PreUpgradeTool.java
HIVE-21938,upgrade-acid/pre-upgrade/src/main/java/org/apache/hadoop/hive/upgrade/acid/RunOptions.java
HIVE-21938,upgrade-acid/pre-upgrade/src/test/java/org/apache/hadoop/hive/upgrade/acid/TestPreUpgradeTool.java
HIVE-21941,upgrade-acid/pom.xml
HIVE-21902,common/src/java/org/apache/hadoop/hive/conf/HiveConf.java
HIVE-21902,common/src/java/org/apache/hive/http/HttpServer.java
HIVE-21902,service/src/java/org/apache/hive/service/server/HiveServer2.java
HIVE-21902,service/src/test/org/apache/hive/service/server/TestHS2HttpServer.java
HIVE-18874,jdbc/pom.xml
HIVE-21831,ql/src/java/org/apache/hadoop/hive/ql/metadata/Hive.java
HIVE-21831,ql/src/test/org/apache/hadoop/hive/ql/TestTxnExIm.java
HIVE-21831,ql/src/test/results/clientpositive/llap/mm_exim.q.out
HIVE-21586,standalone-metastore/metastore-common/src/gen/thrift/gen-javabean/org/apache/hadoop/hive/metastore/api/ColumnStatistics.java
HIVE-21586,standalone-metastore/metastore-common/src/gen/thrift/gen-javabean/org/apache/hadoop/hive/metastore/api/Partition.java
HIVE-21586,standalone-metastore/metastore-common/src/gen/thrift/gen-javabean/org/apache/hadoop/hive/metastore/api/PartitionListComposingSpec.java
HIVE-21586,standalone-metastore/metastore-common/src/gen/thrift/gen-javabean/org/apache/hadoop/hive/metastore/api/PartitionSpecWithSharedSD.java
HIVE-21586,standalone-metastore/metastore-common/src/gen/thrift/gen-javabean/org/apache/hadoop/hive/metastore/api/PartitionWithoutSD.java
HIVE-21586,standalone-metastore/metastore-common/src/gen/thrift/gen-javabean/org/apache/hadoop/hive/metastore/api/Table.java
HIVE-21586,standalone-metastore/metastore-common/src/gen/thrift/gen-php/metastore/Types.php
HIVE-21586,standalone-metastore/metastore-common/src/gen/thrift/gen-py/hive_metastore/ttypes.py
HIVE-21586,standalone-metastore/metastore-common/src/gen/thrift/gen-rb/hive_metastore_types.rb
HIVE-21586,standalone-metastore/metastore-common/src/main/thrift/hive_metastore.thrift
HIVE-21061,itests/src/test/resources/testconfiguration.properties
HIVE-21061,ql/src/java/org/apache/hadoop/hive/ql/optimizer/physical/Vectorizer.java
HIVE-21061,ql/src/test/queries/clientpositive/ctas_empty_source.q
HIVE-21061,ql/src/test/results/clientpositive/llap/ctas_empty_source.q.out
HIVE-21538,jdbc/src/java/org/apache/hive/jdbc/Utils.java
HIVE-21499,itests/hive-unit/src/test/java/org/apache/hive/jdbc/TestJdbcWithMiniHS2.java
HIVE-21499,ql/src/java/org/apache/hadoop/hive/ql/exec/FunctionTask.java
HIVE-21540,ql/src/java/org/apache/hadoop/hive/ql/parse/SemanticAnalyzer.java
HIVE-21540,ql/src/test/queries/clientpositive/date_5.q
HIVE-21540,ql/src/test/results/clientpositive/date_5.q.out
HIVE-21342,ql/src/java/org/apache/hadoop/hive/ql/parse/ColumnStatsSemanticAnalyzer.java
HIVE-21376,ql/src/test/results/clientpositive/llap/llap_uncompressed.q.out
HIVE-21376,ql/src/test/results/clientpositive/llap/orc_llap.q.out
HIVE-21376,ql/src/test/results/clientpositive/llap/orc_ppd_date.q.out
HIVE-21376,ql/src/test/results/clientpositive/llap/orc_ppd_decimal.q.out
HIVE-21376,ql/src/test/results/clientpositive/llap/orc_ppd_timestamp.q.out
HIVE-21376,ql/src/test/results/clientpositive/llap/orc_ppd_varchar.q.out
HIVE-21376,ql/src/test/results/clientpositive/llap/vector_binary_join_groupby.q.out
HIVE-21376,ql/src/test/results/clientpositive/llap/vector_data_types.q.out
HIVE-21376,ql/src/test/results/clientpositive/llap/vector_decimal_expressions.q.out
HIVE-21376,ql/src/test/results/clientpositive/orc_merge12.q.out
HIVE-21376,ql/src/test/results/clientpositive/orc_ppd_char.q.out
HIVE-21376,ql/src/test/results/clientpositive/spark/vector_data_types.q.out
HIVE-21376,ql/src/test/results/clientpositive/tez/orc_merge12.q.out
HIVE-21376,ql/src/test/results/clientpositive/vector_binary_join_groupby.q.out
HIVE-21376,ql/src/test/results/clientpositive/vector_data_types.q.out
HIVE-21376,ql/src/test/results/clientpositive/vector_decimal_expressions.q.out
HIVE-21376,serde/src/java/org/apache/hadoop/hive/serde2/io/DateWritableV2.java
HIVE-21376,serde/src/java/org/apache/hadoop/hive/serde2/objectinspector/ObjectInspectorUtils.java
HIVE-21376,serde/src/test/org/apache/hadoop/hive/serde2/objectinspector/TestObjectInspectorUtils.java
HIVE-20848,ql/src/java/org/apache/hadoop/hive/ql/hooks/UpdateInputAccessTimeHook.java
HIVE-21038,standalone-metastore/metastore-common/pom.xml
HIVE-21038,standalone-metastore/metastore-server/pom.xml
HIVE-21038,standalone-metastore/metastore-tools/metastore-benchmarks/pom.xml
HIVE-21038,standalone-metastore/metastore-tools/pom.xml
HIVE-21038,standalone-metastore/metastore-tools/tools-common/pom.xml
HIVE-21038,standalone-metastore/pom.xml
HIVE-21029,common/src/java/org/apache/hadoop/hive/conf/HiveConf.java
HIVE-21029,itests/hive-unit/src/test/java/org/apache/hadoop/hive/ql/parse/TestReplicationScenariosExternalTables.java
HIVE-21029,itests/hive-unit/src/test/java/org/apache/hadoop/hive/ql/parse/TestReplicationScenariosIncrementalLoadAcidTables.java
HIVE-21029,ql/src/java/org/apache/hadoop/hive/ql/Driver.java
HIVE-21029,ql/src/java/org/apache/hadoop/hive/ql/exec/repl/ReplDumpTask.java
HIVE-21029,ql/src/java/org/apache/hadoop/hive/ql/exec/repl/ReplExternalTables.java
HIVE-21029,ql/src/java/org/apache/hadoop/hive/ql/exec/repl/ReplLoadTask.java
HIVE-21029,ql/src/java/org/apache/hadoop/hive/ql/exec/repl/ReplLoadWork.java
HIVE-21029,ql/src/java/org/apache/hadoop/hive/ql/exec/repl/bootstrap/events/filesystem/BootstrapEventsIterator.java
HIVE-21029,ql/src/java/org/apache/hadoop/hive/ql/exec/repl/bootstrap/events/filesystem/ConstraintEventsIterator.java
HIVE-21029,ql/src/java/org/apache/hadoop/hive/ql/exec/repl/bootstrap/events/filesystem/DatabaseEventsIterator.java
HIVE-21029,ql/src/java/org/apache/hadoop/hive/ql/exec/repl/bootstrap/events/filesystem/FSTableEvent.java
HIVE-21029,ql/src/java/org/apache/hadoop/hive/ql/exec/repl/bootstrap/load/table/LoadPartitions.java
HIVE-21029,ql/src/java/org/apache/hadoop/hive/ql/exec/repl/incremental/IncrementalLoadEventsIterator.java
HIVE-21029,ql/src/java/org/apache/hadoop/hive/ql/exec/repl/incremental/IncrementalLoadTasksBuilder.java
HIVE-21029,ql/src/java/org/apache/hadoop/hive/ql/exec/repl/util/ReplUtils.java
HIVE-21029,ql/src/java/org/apache/hadoop/hive/ql/parse/ReplicationSemanticAnalyzer.java
HIVE-21029,ql/src/java/org/apache/hadoop/hive/ql/parse/repl/dump/HiveWrapper.java
HIVE-21029,ql/src/java/org/apache/hadoop/hive/ql/parse/repl/dump/TableExport.java
HIVE-21029,ql/src/java/org/apache/hadoop/hive/ql/parse/repl/dump/Utils.java
HIVE-21029,ql/src/java/org/apache/hadoop/hive/ql/parse/repl/dump/events/AbstractConstraintEventHandler.java
HIVE-21029,ql/src/java/org/apache/hadoop/hive/ql/parse/repl/dump/events/AddPartitionHandler.java
HIVE-21029,ql/src/java/org/apache/hadoop/hive/ql/parse/repl/dump/events/AlterPartitionHandler.java
HIVE-21029,ql/src/java/org/apache/hadoop/hive/ql/parse/repl/dump/events/AlterTableHandler.java
HIVE-21029,ql/src/java/org/apache/hadoop/hive/ql/parse/repl/dump/events/CreateTableHandler.java
HIVE-21029,ql/src/java/org/apache/hadoop/hive/ql/parse/repl/dump/events/InsertHandler.java
HIVE-21029,ql/src/java/org/apache/hadoop/hive/ql/parse/repl/dump/events/UpdatePartColStatHandler.java
HIVE-21029,ql/src/java/org/apache/hadoop/hive/ql/parse/repl/dump/events/UpdateTableColStatHandler.java
HIVE-21029,ql/src/java/org/apache/hadoop/hive/ql/parse/repl/dump/io/TableSerializer.java
HIVE-20785,service/src/java/org/apache/hive/service/cli/operation/GetPrimaryKeysOperation.java
HIVE-20734,bin/ext/beeline.sh
HIVE-20734,bin/hive
HIVE-20858,ql/src/java/org/apache/hadoop/hive/ql/exec/Utilities.java
HIVE-20751,pom.xml
HIVE-20751,ql/src/java/org/apache/hadoop/hive/llap/LlapArrowRecordWriter.java
HIVE-20751,ql/src/java/org/apache/hadoop/hive/ql/io/arrow/ArrowColumnarBatchSerDe.java
HIVE-20751,ql/src/java/org/apache/hadoop/hive/ql/io/arrow/ArrowWrapperWritable.java
HIVE-20751,ql/src/java/org/apache/hadoop/hive/ql/io/arrow/Serializer.java
HIVE-20792,common/src/java/org/apache/hadoop/hive/common/type/TimestampUtils.java
HIVE-20792,ql/src/test/queries/clientpositive/timestamptz_4.q
HIVE-20792,ql/src/test/results/clientpositive/timestamptz_4.q.out
HIVE-20792,serde/src/java/org/apache/hadoop/hive/serde2/objectinspector/primitive/PrimitiveObjectInspectorUtils.java
HIVE-20679,standalone-metastore/metastore-server/src/main/java/org/apache/hadoop/hive/metastore/messaging/json/gzip/DeSerializer.java
HIVE-20679,standalone-metastore/metastore-server/src/main/java/org/apache/hadoop/hive/metastore/messaging/json/gzip/Serializer.java
HIVE-20659,pom.xml
HIVE-20714,itests/hive-unit/src/test/java/org/apache/hadoop/hive/ql/parse/TestReplicationScenariosAcrossInstances.java
HIVE-20714,ql/src/java/org/apache/hadoop/hive/ql/exec/DDLTask.java
HIVE-20714,ql/src/test/results/clientpositive/show_tblproperties.q.out
HIVE-20593,ql/src/test/results/clientpositive/llap/load_data_using_job.q.out
HIVE-20607,hcatalog/server-extensions/src/main/java/org/apache/hive/hcatalog/listener/DbNotificationListener.java
HIVE-20607,ql/src/test/org/apache/hadoop/hive/ql/lockmgr/TestDbTxnManager.java
HIVE-20607,standalone-metastore/metastore-server/src/main/java/org/apache/hadoop/hive/metastore/tools/SQLGenerator.java
HIVE-20607,standalone-metastore/metastore-server/src/main/java/org/apache/hadoop/hive/metastore/txn/TxnHandler.java
HIVE-20599,ql/src/test/queries/clientpositive/udf_to_string.q
HIVE-20599,ql/src/test/results/clientpositive/udf_to_string.q.out
HIVE-20555,jdbc/src/java/org/apache/hive/jdbc/HiveConnection.java
HIVE-20555,jdbc/src/java/org/apache/hive/jdbc/HttpKerberosRequestInterceptor.java
HIVE-20555,service/src/java/org/apache/hive/service/auth/HttpAuthUtils.java
HIVE-20507,beeline/src/java/org/apache/hive/beeline/BeeLine.java
HIVE-20507,beeline/src/java/org/apache/hive/beeline/BeeLineOpts.java
HIVE-20507,beeline/src/main/resources/BeeLine.properties
HIVE-20507,jdbc/src/java/org/apache/hive/jdbc/HiveConnection.java
HIVE-20507,jdbc/src/java/org/apache/hive/jdbc/Utils.java
HIVE-20462,ql/src/java/org/apache/hadoop/hive/ql/exec/DDLTask.java
HIVE-20462,ql/src/test/queries/clientpositive/create_view.q
HIVE-20462,ql/src/test/results/clientpositive/create_view.q.out
HIVE-20499,ql/src/java/org/apache/hadoop/hive/ql/security/authorization/plugin/AuthorizationMetaStoreFilterHook.java
HIVE-20499,standalone-metastore/metastore-common/src/main/java/org/apache/hadoop/hive/metastore/DefaultMetaStoreFilterHookImpl.java
HIVE-20499,standalone-metastore/metastore-common/src/main/java/org/apache/hadoop/hive/metastore/MetaStoreFilterHook.java
HIVE-20499,standalone-metastore/metastore-server/src/main/java/org/apache/hadoop/hive/metastore/HiveMetaStoreClient.java
HIVE-20372,ql/src/java/org/apache/hadoop/hive/ql/util/UpgradeTool.java
HIVE-20372,standalone-metastore/metastore-server/src/main/java/org/apache/hadoop/hive/metastore/txn/TxnHandler.java
HIVE-20476,ql/src/java/org/apache/hadoop/hive/ql/metadata/Hive.java
HIVE-20476,ql/src/java/org/apache/hadoop/hive/ql/parse/repl/CopyUtils.java
HIVE-20476,ql/src/test/org/apache/hadoop/hive/ql/parse/repl/TestCopyUtils.java
HIVE-20433,serde/src/java/org/apache/hadoop/hive/serde2/objectinspector/primitive/PrimitiveObjectInspectorUtils.java
HIVE-20187,ql/src/java/org/apache/hadoop/hive/ql/optimizer/metainfo/annotation/OpTraitsRulesProcFactory.java
HIVE-20187,ql/src/test/queries/clientpositive/bucket_map_join_tez2.q
HIVE-20187,ql/src/test/results/clientpositive/llap/bucket_map_join_tez2.q.out
HIVE-20187,ql/src/test/results/clientpositive/llap/limit_pushdown.q.out
HIVE-20187,ql/src/test/results/clientpositive/llap/offset_limit_ppd_optimizer.q.out
HIVE-20187,ql/src/test/results/clientpositive/llap/tez_smb_main.q.out
HIVE-20187,ql/src/test/results/clientpositive/spark/bucket_map_join_tez2.q.out
HIVE-18767,standalone-metastore/metastore-server/src/main/java/org/apache/hadoop/hive/metastore/utils/MetaStoreServerUtils.java
HIVE-18767,standalone-metastore/metastore-server/src/test/java/org/apache/hadoop/hive/metastore/utils/TestMetaStoreServerUtils.java
HIVE-20343,ql/src/java/org/apache/hadoop/hive/ql/parse/SemanticAnalyzer.java
HIVE-20343,ql/src/test/queries/clientnegative/txnprops.q
HIVE-20343,ql/src/test/results/clientnegative/txnprops.q.out
HIVE-20316,hcatalog/server-extensions/src/main/java/org/apache/hive/hcatalog/listener/DbNotificationListener.java
HIVE-20316,itests/hive-unit/src/test/java/org/apache/hadoop/hive/ql/parse/TestReplicationScenariosAcrossInstances.java
HIVE-20316,standalone-metastore/metastore-server/src/main/java/org/apache/hadoop/hive/metastore/messaging/json/JSONAddPartitionMessage.java
HIVE-20316,standalone-metastore/metastore-server/src/main/java/org/apache/hadoop/hive/metastore/messaging/json/JSONCreateTableMessage.java
HIVE-20337,standalone-metastore/metastore-server/src/main/java/org/apache/hadoop/hive/metastore/cache/CachedStore.java
HIVE-20290,ql/src/java/org/apache/hadoop/hive/ql/io/arrow/ArrowColumnarBatchSerDe.java
HIVE-19199,ql/src/java/org/apache/hadoop/hive/ql/lockmgr/DbTxnManager.java
HIVE-20040,service/src/java/org/apache/hive/service/cli/thrift/ThriftHttpCLIService.java
HIVE-19568,itests/hive-unit/src/test/java/org/apache/hive/jdbc/TestActivePassiveHA.java
HIVE-19568,itests/hive-unit/src/test/java/org/apache/hive/service/cli/session/TestQueryDisplay.java
HIVE-19568,itests/util/src/main/java/org/apache/hive/jdbc/miniHS2/MiniHS2.java
HIVE-19568,service/src/java/org/apache/hive/service/cli/CLIService.java
HIVE-19568,service/src/java/org/apache/hive/service/cli/session/SessionManager.java
HIVE-19568,service/src/java/org/apache/hive/service/cli/thrift/EmbeddedThriftBinaryCLIService.java
HIVE-19568,service/src/java/org/apache/hive/service/server/HiveServer2.java
HIVE-19568,service/src/test/org/apache/hive/service/auth/TestPlainSaslHelper.java
HIVE-19568,service/src/test/org/apache/hive/service/cli/TestCLIServiceConnectionLimits.java
HIVE-19568,service/src/test/org/apache/hive/service/cli/TestCLIServiceRestore.java
HIVE-19568,service/src/test/org/apache/hive/service/cli/TestRetryingThriftCLIServiceClient.java
HIVE-19568,service/src/test/org/apache/hive/service/cli/session/TestPluggableHiveSessionImpl.java
HIVE-19568,service/src/test/org/apache/hive/service/cli/session/TestSessionGlobalInitFile.java
HIVE-19568,service/src/test/org/apache/hive/service/cli/session/TestSessionManagerMetrics.java
HIVE-20209,hcatalog/webhcat/java-client/src/test/java/org/apache/hive/hcatalog/api/repl/ReplicationV1CompatRule.java
HIVE-20209,itests/hive-unit/src/test/java/org/apache/hadoop/hive/ql/parse/TestReplicationScenarios.java
HIVE-20209,ql/src/java/org/apache/hadoop/hive/ql/cache/results/QueryResultsCache.java
HIVE-20209,ql/src/java/org/apache/hadoop/hive/ql/exec/repl/ReplDumpTask.java
HIVE-20209,ql/src/java/org/apache/hadoop/hive/ql/metadata/Hive.java
HIVE-20209,ql/src/java/org/apache/hadoop/hive/ql/metadata/events/EventUtils.java
HIVE-20209,ql/src/java/org/apache/hadoop/hive/ql/metadata/events/NotificationEventPoll.java
HIVE-19935,llap-tez/src/java/org/apache/hadoop/hive/llap/tezplugins/LlapTaskSchedulerService.java
HIVE-20192,service/src/java/org/apache/hive/service/server/ThreadWithGarbageCleanup.java
HIVE-20192,standalone-metastore/metastore-server/src/main/java/org/apache/hadoop/hive/metastore/HiveMetaStore.java
HIVE-20192,standalone-metastore/metastore-server/src/main/java/org/apache/hadoop/hive/metastore/ObjectStore.java
HIVE-19886,service/src/java/org/apache/hive/service/server/HiveServer2.java
HIVE-20066,ql/src/java/org/apache/hadoop/hive/ql/metadata/Hive.java
HIVE-20059,streaming/src/java/org/apache/hive/streaming/AbstractRecordWriter.java
HIVE-20004,data/files/table_19.dat
HIVE-20004,data/files/table_8.dat
HIVE-20004,itests/src/test/resources/testconfiguration.properties
HIVE-20004,ql/src/java/org/apache/hadoop/hive/ql/exec/vector/expressions/ConvertDecimal64ToDecimal.java
HIVE-20004,ql/src/test/queries/clientpositive/convert_decimal64_to_decimal.q
HIVE-20004,ql/src/test/results/clientpositive/convert_decimal64_to_decimal.q.out
HIVE-20004,ql/src/test/results/clientpositive/llap/convert_decimal64_to_decimal.q.out
HIVE-20004,ql/src/test/results/clientpositive/llap/vector_decimal_5.q.out
HIVE-20004,ql/src/test/results/clientpositive/llap/vector_decimal_6.q.out
HIVE-20004,ql/src/test/results/clientpositive/llap/vector_decimal_mapjoin.q.out
HIVE-20004,ql/src/test/results/clientpositive/spark/vector_decimal_mapjoin.q.out
HIVE-20004,ql/src/test/results/clientpositive/vector_decimal_5.q.out
HIVE-20004,ql/src/test/results/clientpositive/vector_decimal_mapjoin.q.out
HIVE-19980,itests/hive-unit/src/test/java/org/apache/hive/jdbc/TestJdbcGenericUDTFGetSplits.java
HIVE-19980,ql/src/java/org/apache/hadoop/hive/ql/exec/tez/HiveSplitGenerator.java
HIVE-19964,ql/src/java/org/apache/hadoop/hive/ql/parse/DDLSemanticAnalyzer.java
HIVE-19964,ql/src/test/results/clientpositive/llap/resourceplan.q.out
HIVE-19956,jdbc/pom.xml
HIVE-15190,itests/hive-unit/src/test/java/org/apache/hadoop/hive/ql/txn/compactor/TestCompactor.java
HIVE-15190,ql/src/java/org/apache/hadoop/hive/ql/io/orc/OrcFile.java
HIVE-15190,ql/src/java/org/apache/hadoop/hive/ql/io/orc/OrcRawRecordMerger.java
HIVE-15190,ql/src/java/org/apache/hadoop/hive/ql/io/orc/OrcRecordUpdater.java
HIVE-15190,ql/src/java/org/apache/hadoop/hive/ql/io/orc/VectorizedOrcAcidRowBatchReader.java
HIVE-15190,ql/src/test/org/apache/hadoop/hive/ql/TestTxnCommands2.java
HIVE-15190,ql/src/test/results/clientpositive/acid_nullscan.q.out
HIVE-15190,ql/src/test/results/clientpositive/acid_table_stats.q.out
HIVE-15190,ql/src/test/results/clientpositive/autoColumnStats_4.q.out
HIVE-15190,ql/src/test/results/clientpositive/llap/acid_bucket_pruning.q.out
HIVE-15190,ql/src/test/results/clientpositive/llap/acid_vectorization_original.q.out
HIVE-15190,ql/src/test/results/clientpositive/llap/default_constraint.q.out
HIVE-15190,ql/src/test/results/clientpositive/llap/dynpart_sort_optimization_acid.q.out
HIVE-15190,ql/src/test/results/clientpositive/llap/insert_values_orig_table_use_metadata.q.out
HIVE-15190,ql/src/test/results/clientpositive/llap/materialized_view_create_rewrite_3.q.out
HIVE-15190,ql/src/test/results/clientpositive/llap/materialized_view_create_rewrite_4.q.out
HIVE-15190,ql/src/test/results/clientpositive/llap/materialized_view_create_rewrite_5.q.out
HIVE-15190,ql/src/test/results/clientpositive/llap/materialized_view_create_rewrite_rebuild_dummy.q.out
HIVE-15190,ql/src/test/results/clientpositive/row__id.q.out
HIVE-15190,ql/src/test/results/clientpositive/tez/acid_vectorization_original_tez.q.out
HIVE-15190,ql/src/test/results/clientpositive/tez/explainanalyze_5.q.out
HIVE-19876,ql/src/java/org/apache/hadoop/hive/ql/Context.java
HIVE-19876,ql/src/java/org/apache/hadoop/hive/ql/Driver.java
HIVE-19629,itests/src/test/resources/testconfiguration.properties
HIVE-19629,llap-server/src/java/org/apache/hadoop/hive/llap/io/api/impl/LlapInputFormat.java
HIVE-19629,llap-server/src/java/org/apache/hadoop/hive/llap/io/decode/GenericColumnVectorProducer.java
HIVE-19629,llap-server/src/java/org/apache/hadoop/hive/llap/io/decode/OrcEncodedDataConsumer.java
HIVE-19629,llap-server/src/java/org/apache/hadoop/hive/llap/io/encoded/OrcEncodedDataReader.java
HIVE-19629,llap-server/src/java/org/apache/hadoop/hive/llap/io/encoded/SerDeEncodedDataReader.java
HIVE-19629,llap-server/src/java/org/apache/hadoop/hive/llap/io/encoded/VectorDeserializeOrcWriter.java
HIVE-19629,llap-server/src/java/org/apache/hadoop/hive/llap/io/metadata/ConsumerFileMetadata.java
HIVE-19629,llap-server/src/java/org/apache/hadoop/hive/llap/io/metadata/OrcFileMetadata.java
HIVE-19629,ql/src/java/org/apache/hadoop/hive/ql/exec/FetchOperator.java
HIVE-19629,ql/src/java/org/apache/hadoop/hive/ql/exec/vector/VectorizationContext.java
HIVE-19629,ql/src/java/org/apache/hadoop/hive/ql/exec/vector/VectorizedInputFormatInterface.java
HIVE-19629,ql/src/java/org/apache/hadoop/hive/ql/exec/vector/VectorizedRowBatchCtx.java
HIVE-19629,ql/src/java/org/apache/hadoop/hive/ql/exec/vector/expressions/VectorInBloomFilterColDynamicValue.java
HIVE-19629,ql/src/java/org/apache/hadoop/hive/ql/exec/vector/expressions/aggregates/VectorUDAFBloomFilter.java
HIVE-19629,ql/src/java/org/apache/hadoop/hive/ql/exec/vector/udf/VectorUDFAdaptor.java
HIVE-19629,ql/src/java/org/apache/hadoop/hive/ql/io/BatchToRowReader.java
HIVE-19629,ql/src/java/org/apache/hadoop/hive/ql/io/NullRowsInputFormat.java
HIVE-19629,ql/src/java/org/apache/hadoop/hive/ql/io/orc/OrcInputFormat.java
HIVE-19629,ql/src/java/org/apache/hadoop/hive/ql/io/orc/OrcRawRecordMerger.java
HIVE-19629,ql/src/java/org/apache/hadoop/hive/ql/io/orc/Reader.java
HIVE-19629,ql/src/java/org/apache/hadoop/hive/ql/io/orc/ReaderImpl.java
HIVE-19629,ql/src/java/org/apache/hadoop/hive/ql/io/orc/RecordReaderImpl.java
HIVE-19629,ql/src/java/org/apache/hadoop/hive/ql/io/orc/VectorizedOrcAcidRowBatchReader.java
HIVE-19629,ql/src/java/org/apache/hadoop/hive/ql/io/orc/VectorizedOrcInputFormat.java
HIVE-19629,ql/src/java/org/apache/hadoop/hive/ql/io/orc/WriterImpl.java
HIVE-19629,ql/src/java/org/apache/hadoop/hive/ql/io/orc/encoded/EncodedTreeReaderFactory.java
HIVE-19629,ql/src/java/org/apache/hadoop/hive/ql/io/parquet/MapredParquetInputFormat.java
HIVE-19629,ql/src/java/org/apache/hadoop/hive/ql/optimizer/physical/Vectorizer.java
HIVE-19629,ql/src/test/org/apache/hadoop/hive/ql/io/orc/TestInputOutputFormat.java
HIVE-19629,ql/src/test/org/apache/hadoop/hive/ql/io/orc/TestOrcRawRecordMerger.java
HIVE-19629,ql/src/test/org/apache/hadoop/hive/ql/io/orc/TestVectorizedORCReader.java
HIVE-19629,ql/src/test/org/apache/hadoop/hive/ql/io/orc/TestVectorizedOrcAcidRowBatchReader.java
HIVE-19629,ql/src/test/queries/clientpositive/explainanalyze_3.q
HIVE-19629,ql/src/test/queries/clientpositive/llap_acid2.q
HIVE-19629,ql/src/test/queries/clientpositive/llap_decimal64_reader.q
HIVE-19629,ql/src/test/queries/clientpositive/llap_uncompressed.q
HIVE-19629,ql/src/test/queries/clientpositive/orc_create.q
HIVE-19629,ql/src/test/queries/clientpositive/orc_llap_counters.q
HIVE-19629,ql/src/test/queries/clientpositive/orc_llap_counters1.q
HIVE-19629,ql/src/test/queries/clientpositive/orc_merge11.q
HIVE-19629,ql/src/test/queries/clientpositive/orc_merge5.q
HIVE-19629,ql/src/test/queries/clientpositive/orc_merge6.q
HIVE-19629,ql/src/test/queries/clientpositive/orc_merge7.q
HIVE-19629,ql/src/test/queries/clientpositive/orc_merge_incompat1.q
HIVE-19629,ql/src/test/queries/clientpositive/orc_merge_incompat2.q
HIVE-19629,ql/src/test/queries/clientpositive/orc_ppd_basic.q
HIVE-19629,ql/src/test/queries/clientpositive/orc_ppd_schema_evol_3a.q
HIVE-19629,ql/src/test/queries/clientpositive/orc_schema_evolution_float.q
HIVE-19629,ql/src/test/queries/clientpositive/orc_split_elimination.q
HIVE-19629,ql/src/test/queries/clientpositive/schema_evol_orc_nonvec_part_all_primitive.q
HIVE-19629,ql/src/test/queries/clientpositive/schema_evol_orc_nonvec_part_all_primitive_llap_io.q
HIVE-19629,ql/src/test/queries/clientpositive/schema_evol_orc_vec_part_all_primitive.q
HIVE-19629,ql/src/test/queries/clientpositive/schema_evol_orc_vec_part_all_primitive_llap_io.q
HIVE-19629,ql/src/test/queries/clientpositive/type_change_test_int.q
HIVE-19629,ql/src/test/queries/clientpositive/type_change_test_int_vectorized.q
HIVE-19629,ql/src/test/queries/clientpositive/vector_case_when_1.q
HIVE-19629,ql/src/test/queries/clientpositive/vector_decimal_5.q
HIVE-19629,ql/src/test/queries/clientpositive/vector_decimal_mapjoin.q
HIVE-19629,ql/src/test/queries/clientpositive/vectorized_dynamic_semijoin_reduction2.q
HIVE-19629,ql/src/test/results/clientpositive/llap/acid_no_buckets.q.out
HIVE-19629,ql/src/test/results/clientpositive/llap/acid_vectorization_original.q.out
HIVE-19629,ql/src/test/results/clientpositive/llap/enforce_constraint_notnull.q.out
HIVE-19629,ql/src/test/results/clientpositive/llap/llap_acid.q.out
HIVE-19629,ql/src/test/results/clientpositive/llap/llap_acid2.q.out
HIVE-19629,ql/src/test/results/clientpositive/llap/llap_acid_fast.q.out
HIVE-19629,ql/src/test/results/clientpositive/llap/llap_decimal64_reader.q.out
HIVE-19629,ql/src/test/results/clientpositive/llap/llap_partitioned.q.out
HIVE-19629,ql/src/test/results/clientpositive/llap/llap_text.q.out
HIVE-19629,ql/src/test/results/clientpositive/llap/llap_uncompressed.q.out
HIVE-19629,ql/src/test/results/clientpositive/llap/llap_vector_nohybridgrace.q.out
HIVE-19629,ql/src/test/results/clientpositive/llap/materialized_view_create.q.out
HIVE-19629,ql/src/test/results/clientpositive/llap/materialized_view_create_rewrite_5.q.out
HIVE-19629,ql/src/test/results/clientpositive/llap/materialized_view_describe.q.out
HIVE-19629,ql/src/test/results/clientpositive/llap/mergejoin.q.out
HIVE-19629,ql/src/test/results/clientpositive/llap/orc_create.q.out
HIVE-19629,ql/src/test/results/clientpositive/llap/orc_llap_counters.q.out
HIVE-19629,ql/src/test/results/clientpositive/llap/orc_llap_counters1.q.out
HIVE-19629,ql/src/test/results/clientpositive/llap/orc_merge11.q.out
HIVE-19629,ql/src/test/results/clientpositive/llap/orc_merge5.q.out
HIVE-19629,ql/src/test/results/clientpositive/llap/orc_merge6.q.out
HIVE-19629,ql/src/test/results/clientpositive/llap/orc_merge7.q.out
HIVE-19629,ql/src/test/results/clientpositive/llap/orc_merge_incompat1.q.out
HIVE-19629,ql/src/test/results/clientpositive/llap/orc_merge_incompat2.q.out
HIVE-19629,ql/src/test/results/clientpositive/llap/orc_ppd_basic.q.out
HIVE-19629,ql/src/test/results/clientpositive/llap/orc_ppd_schema_evol_3a.q.out
HIVE-19629,ql/src/test/results/clientpositive/llap/orc_split_elimination.q.out
HIVE-19629,ql/src/test/results/clientpositive/llap/orc_struct_type_vectorization.q.out
HIVE-19629,ql/src/test/results/clientpositive/llap/schema_evol_orc_acidvec_part_llap_io.q.out
HIVE-19629,ql/src/test/results/clientpositive/llap/schema_evol_orc_acidvec_table.q.out
HIVE-19629,ql/src/test/results/clientpositive/llap/schema_evol_orc_acidvec_table_llap_io.q.out
HIVE-19629,ql/src/test/results/clientpositive/llap/schema_evol_orc_vec_part.q.out
HIVE-19629,ql/src/test/results/clientpositive/llap/schema_evol_orc_vec_part_all_complex.q.out
HIVE-19629,ql/src/test/results/clientpositive/llap/schema_evol_orc_vec_part_all_complex_llap_io.q.out
HIVE-19629,ql/src/test/results/clientpositive/llap/schema_evol_orc_vec_part_all_primitive.q.out
HIVE-19629,ql/src/test/results/clientpositive/llap/schema_evol_orc_vec_part_all_primitive_llap_io.q.out
HIVE-19629,ql/src/test/results/clientpositive/llap/schema_evol_orc_vec_table.q.out
HIVE-19629,ql/src/test/results/clientpositive/llap/schema_evol_orc_vec_table_llap_io.q.out
HIVE-19629,ql/src/test/results/clientpositive/llap/schema_evol_text_vec_part_all_complex_llap_io.q.out
HIVE-19629,ql/src/test/results/clientpositive/llap/schema_evol_text_vec_part_all_primitive_llap_io.q.out
HIVE-19629,ql/src/test/results/clientpositive/llap/schema_evol_text_vec_part_llap_io.q.out
HIVE-19629,ql/src/test/results/clientpositive/llap/schema_evol_text_vec_table_llap_io.q.out
HIVE-19629,ql/src/test/results/clientpositive/llap/vector_adaptor_usage_mode.q.out
HIVE-19629,ql/src/test/results/clientpositive/llap/vector_aggregate_9.q.out
HIVE-19629,ql/src/test/results/clientpositive/llap/vector_aggregate_without_gby.q.out
HIVE-19629,ql/src/test/results/clientpositive/llap/vector_annotate_stats_select.q.out
HIVE-19629,ql/src/test/results/clientpositive/llap/vector_auto_smb_mapjoin_14.q.out
HIVE-19629,ql/src/test/results/clientpositive/llap/vector_between_columns.q.out
HIVE-19629,ql/src/test/results/clientpositive/llap/vector_between_in.q.out
HIVE-19629,ql/src/test/results/clientpositive/llap/vector_binary_join_groupby.q.out
HIVE-19629,ql/src/test/results/clientpositive/llap/vector_bround.q.out
HIVE-19629,ql/src/test/results/clientpositive/llap/vector_case_when_1.q.out
HIVE-19629,ql/src/test/results/clientpositive/llap/vector_case_when_2.q.out
HIVE-19629,ql/src/test/results/clientpositive/llap/vector_cast_constant.q.out
HIVE-19629,ql/src/test/results/clientpositive/llap/vector_char_2.q.out
HIVE-19629,ql/src/test/results/clientpositive/llap/vector_char_4.q.out
HIVE-19629,ql/src/test/results/clientpositive/llap/vector_char_mapjoin1.q.out
HIVE-19629,ql/src/test/results/clientpositive/llap/vector_char_simple.q.out
HIVE-19629,ql/src/test/results/clientpositive/llap/vector_char_varchar_1.q.out
HIVE-19629,ql/src/test/results/clientpositive/llap/vector_coalesce.q.out
HIVE-19629,ql/src/test/results/clientpositive/llap/vector_coalesce_2.q.out
HIVE-19629,ql/src/test/results/clientpositive/llap/vector_coalesce_3.q.out
HIVE-19629,ql/src/test/results/clientpositive/llap/vector_coalesce_4.q.out
HIVE-19629,ql/src/test/results/clientpositive/llap/vector_complex_all.q.out
HIVE-19629,ql/src/test/results/clientpositive/llap/vector_complex_join.q.out
HIVE-19629,ql/src/test/results/clientpositive/llap/vector_count.q.out
HIVE-19629,ql/src/test/results/clientpositive/llap/vector_count_distinct.q.out
HIVE-19629,ql/src/test/results/clientpositive/llap/vector_create_struct_table.q.out
HIVE-19629,ql/src/test/results/clientpositive/llap/vector_data_types.q.out
HIVE-19629,ql/src/test/results/clientpositive/llap/vector_date_1.q.out
HIVE-19629,ql/src/test/results/clientpositive/llap/vector_decimal_1.q.out
HIVE-19629,ql/src/test/results/clientpositive/llap/vector_decimal_10_0.q.out
HIVE-19629,ql/src/test/results/clientpositive/llap/vector_decimal_2.q.out
HIVE-19629,ql/src/test/results/clientpositive/llap/vector_decimal_5.q.out
HIVE-19629,ql/src/test/results/clientpositive/llap/vector_decimal_6.q.out
HIVE-19629,ql/src/test/results/clientpositive/llap/vector_decimal_aggregate.q.out
HIVE-19629,ql/src/test/results/clientpositive/llap/vector_decimal_cast.q.out
HIVE-19629,ql/src/test/results/clientpositive/llap/vector_decimal_expressions.q.out
HIVE-19629,ql/src/test/results/clientpositive/llap/vector_decimal_mapjoin.q.out
HIVE-19629,ql/src/test/results/clientpositive/llap/vector_decimal_math_funcs.q.out
HIVE-19629,ql/src/test/results/clientpositive/llap/vector_decimal_precision.q.out
HIVE-19629,ql/src/test/results/clientpositive/llap/vector_decimal_round.q.out
HIVE-19629,ql/src/test/results/clientpositive/llap/vector_decimal_round_2.q.out
HIVE-19629,ql/src/test/results/clientpositive/llap/vector_decimal_trailing.q.out
HIVE-19629,ql/src/test/results/clientpositive/llap/vector_decimal_udf.q.out
HIVE-19629,ql/src/test/results/clientpositive/llap/vector_decimal_udf2.q.out
HIVE-19629,ql/src/test/results/clientpositive/llap/vector_distinct_2.q.out
HIVE-19629,ql/src/test/results/clientpositive/llap/vector_elt.q.out
HIVE-19629,ql/src/test/results/clientpositive/llap/vector_groupby4.q.out
HIVE-19629,ql/src/test/results/clientpositive/llap/vector_groupby6.q.out
HIVE-19629,ql/src/test/results/clientpositive/llap/vector_groupby_3.q.out
HIVE-19629,ql/src/test/results/clientpositive/llap/vector_groupby_cube1.q.out
HIVE-19629,ql/src/test/results/clientpositive/llap/vector_groupby_grouping_id1.q.out
HIVE-19629,ql/src/test/results/clientpositive/llap/vector_groupby_grouping_id2.q.out
HIVE-19629,ql/src/test/results/clientpositive/llap/vector_groupby_grouping_id3.q.out
HIVE-19629,ql/src/test/results/clientpositive/llap/vector_groupby_grouping_sets1.q.out
HIVE-19629,ql/src/test/results/clientpositive/llap/vector_groupby_grouping_sets2.q.out
HIVE-19629,ql/src/test/results/clientpositive/llap/vector_groupby_grouping_sets3_dec.q.out
HIVE-19629,ql/src/test/results/clientpositive/llap/vector_groupby_grouping_sets4.q.out
HIVE-19629,ql/src/test/results/clientpositive/llap/vector_groupby_grouping_sets5.q.out
HIVE-19629,ql/src/test/results/clientpositive/llap/vector_groupby_grouping_sets6.q.out
HIVE-19629,ql/src/test/results/clientpositive/llap/vector_groupby_grouping_sets_grouping.q.out
HIVE-19629,ql/src/test/results/clientpositive/llap/vector_groupby_grouping_sets_limit.q.out
HIVE-19629,ql/src/test/results/clientpositive/llap/vector_groupby_grouping_window.q.out
HIVE-19629,ql/src/test/results/clientpositive/llap/vector_groupby_mapjoin.q.out
HIVE-19629,ql/src/test/results/clientpositive/llap/vector_groupby_reduce.q.out
HIVE-19629,ql/src/test/results/clientpositive/llap/vector_groupby_rollup1.q.out
HIVE-19629,ql/src/test/results/clientpositive/llap/vector_groupby_sort_11.q.out
HIVE-19629,ql/src/test/results/clientpositive/llap/vector_groupby_sort_8.q.out
HIVE-19629,ql/src/test/results/clientpositive/llap/vector_grouping_sets.q.out
HIVE-19629,ql/src/test/results/clientpositive/llap/vector_if_expr.q.out
HIVE-19629,ql/src/test/results/clientpositive/llap/vector_if_expr_2.q.out
HIVE-19629,ql/src/test/results/clientpositive/llap/vector_include_no_sel.q.out
HIVE-19629,ql/src/test/results/clientpositive/llap/vector_inner_join.q.out
HIVE-19629,ql/src/test/results/clientpositive/llap/vector_interval_1.q.out
HIVE-19629,ql/src/test/results/clientpositive/llap/vector_interval_2.q.out
HIVE-19629,ql/src/test/results/clientpositive/llap/vector_interval_arithmetic.q.out
HIVE-19629,ql/src/test/results/clientpositive/llap/vector_interval_mapjoin.q.out
HIVE-19629,ql/src/test/results/clientpositive/llap/vector_join30.q.out
HIVE-19629,ql/src/test/results/clientpositive/llap/vector_left_outer_join.q.out
HIVE-19629,ql/src/test/results/clientpositive/llap/vector_left_outer_join2.q.out
HIVE-19629,ql/src/test/results/clientpositive/llap/vector_leftsemi_mapjoin.q.out
HIVE-19629,ql/src/test/results/clientpositive/llap/vector_like_2.q.out
HIVE-19629,ql/src/test/results/clientpositive/llap/vector_llap_text_1.q.out
HIVE-19629,ql/src/test/results/clientpositive/llap/vector_map_order.q.out
HIVE-19629,ql/src/test/results/clientpositive/llap/vector_mapjoin_reduce.q.out
HIVE-19629,ql/src/test/results/clientpositive/llap/vector_mr_diff_schema_alias.q.out
HIVE-19629,ql/src/test/results/clientpositive/llap/vector_multi_insert.q.out
HIVE-19629,ql/src/test/results/clientpositive/llap/vector_null_map.q.out
HIVE-19629,ql/src/test/results/clientpositive/llap/vector_null_projection.q.out
HIVE-19629,ql/src/test/results/clientpositive/llap/vector_nullsafe_join.q.out
HIVE-19629,ql/src/test/results/clientpositive/llap/vector_number_compare_projection.q.out
HIVE-19629,ql/src/test/results/clientpositive/llap/vector_nvl.q.out
HIVE-19629,ql/src/test/results/clientpositive/llap/vector_orc_merge_incompat_schema.q.out
HIVE-19629,ql/src/test/results/clientpositive/llap/vector_orc_nested_column_pruning.q.out
HIVE-19629,ql/src/test/results/clientpositive/llap/vector_orc_null_check.q.out
HIVE-19629,ql/src/test/results/clientpositive/llap/vector_order_null.q.out
HIVE-19629,ql/src/test/results/clientpositive/llap/vector_orderby_5.q.out
HIVE-19629,ql/src/test/results/clientpositive/llap/vector_outer_join0.q.out
HIVE-19629,ql/src/test/results/clientpositive/llap/vector_outer_join1.q.out
HIVE-19629,ql/src/test/results/clientpositive/llap/vector_outer_join2.q.out
HIVE-19629,ql/src/test/results/clientpositive/llap/vector_outer_reference_windowed.q.out
HIVE-19629,ql/src/test/results/clientpositive/llap/vector_partition_diff_num_cols.q.out
HIVE-19629,ql/src/test/results/clientpositive/llap/vector_partitioned_date_time.q.out
HIVE-19629,ql/src/test/results/clientpositive/llap/vector_ptf_1.q.out
HIVE-19629,ql/src/test/results/clientpositive/llap/vector_ptf_part_simple.q.out
HIVE-19629,ql/src/test/results/clientpositive/llap/vector_reduce1.q.out
HIVE-19629,ql/src/test/results/clientpositive/llap/vector_reduce2.q.out
HIVE-19629,ql/src/test/results/clientpositive/llap/vector_reduce3.q.out
HIVE-19629,ql/src/test/results/clientpositive/llap/vector_reduce_groupby_decimal.q.out
HIVE-19629,ql/src/test/results/clientpositive/llap/vector_reduce_groupby_duplicate_cols.q.out
HIVE-19629,ql/src/test/results/clientpositive/llap/vector_retry_failure.q.out
HIVE-19629,ql/src/test/results/clientpositive/llap/vector_reuse_scratchcols.q.out
HIVE-19629,ql/src/test/results/clientpositive/llap/vector_string_concat.q.out
HIVE-19629,ql/src/test/results/clientpositive/llap/vector_string_decimal.q.out
HIVE-19629,ql/src/test/results/clientpositive/llap/vector_struct_in.q.out
HIVE-19629,ql/src/test/results/clientpositive/llap/vector_udf1.q.out
HIVE-19629,ql/src/test/results/clientpositive/llap/vector_udf2.q.out
HIVE-19629,ql/src/test/results/clientpositive/llap/vector_udf_adaptor_1.q.out
HIVE-19629,ql/src/test/results/clientpositive/llap/vector_varchar_4.q.out
HIVE-19629,ql/src/test/results/clientpositive/llap/vector_varchar_mapjoin1.q.out
HIVE-19629,ql/src/test/results/clientpositive/llap/vector_varchar_simple.q.out
HIVE-19629,ql/src/test/results/clientpositive/llap/vector_when_case_null.q.out
HIVE-19629,ql/src/test/results/clientpositive/llap/vector_windowing.q.out
HIVE-19629,ql/src/test/results/clientpositive/llap/vector_windowing_expressions.q.out
HIVE-19629,ql/src/test/results/clientpositive/llap/vector_windowing_gby.q.out
HIVE-19629,ql/src/test/results/clientpositive/llap/vector_windowing_gby2.q.out
HIVE-19629,ql/src/test/results/clientpositive/llap/vector_windowing_multipartitioning.q.out
HIVE-19629,ql/src/test/results/clientpositive/llap/vector_windowing_navfn.q.out
HIVE-19629,ql/src/test/results/clientpositive/llap/vector_windowing_order_null.q.out
HIVE-19629,ql/src/test/results/clientpositive/llap/vector_windowing_range_multiorder.q.out
HIVE-19629,ql/src/test/results/clientpositive/llap/vector_windowing_rank.q.out
HIVE-19629,ql/src/test/results/clientpositive/llap/vector_windowing_streaming.q.out
HIVE-19629,ql/src/test/results/clientpositive/llap/vector_windowing_windowspec.q.out
HIVE-19629,ql/src/test/results/clientpositive/llap/vector_windowing_windowspec4.q.out
HIVE-19629,ql/src/test/results/clientpositive/llap/vectorization_0.q.out
HIVE-19629,ql/src/test/results/clientpositive/llap/vectorization_1.q.out
HIVE-19629,ql/src/test/results/clientpositive/llap/vectorization_10.q.out
HIVE-19629,ql/src/test/results/clientpositive/llap/vectorization_11.q.out
HIVE-19629,ql/src/test/results/clientpositive/llap/vectorization_12.q.out
HIVE-19629,ql/src/test/results/clientpositive/llap/vectorization_13.q.out
HIVE-19629,ql/src/test/results/clientpositive/llap/vectorization_14.q.out
HIVE-19629,ql/src/test/results/clientpositive/llap/vectorization_15.q.out
HIVE-19629,ql/src/test/results/clientpositive/llap/vectorization_16.q.out
HIVE-19629,ql/src/test/results/clientpositive/llap/vectorization_17.q.out
HIVE-19629,ql/src/test/results/clientpositive/llap/vectorization_2.q.out
HIVE-19629,ql/src/test/results/clientpositive/llap/vectorization_3.q.out
HIVE-19629,ql/src/test/results/clientpositive/llap/vectorization_4.q.out
HIVE-19629,ql/src/test/results/clientpositive/llap/vectorization_5.q.out
HIVE-19629,ql/src/test/results/clientpositive/llap/vectorization_6.q.out
HIVE-19629,ql/src/test/results/clientpositive/llap/vectorization_7.q.out
HIVE-19629,ql/src/test/results/clientpositive/llap/vectorization_8.q.out
HIVE-19629,ql/src/test/results/clientpositive/llap/vectorization_9.q.out
HIVE-19629,ql/src/test/results/clientpositive/llap/vectorization_decimal_date.q.out
HIVE-19629,ql/src/test/results/clientpositive/llap/vectorization_div0.q.out
HIVE-19629,ql/src/test/results/clientpositive/llap/vectorization_limit.q.out
HIVE-19629,ql/src/test/results/clientpositive/llap/vectorization_nested_udf.q.out
HIVE-19629,ql/src/test/results/clientpositive/llap/vectorization_part_project.q.out
HIVE-19629,ql/src/test/results/clientpositive/llap/vectorization_pushdown.q.out
HIVE-19629,ql/src/test/results/clientpositive/llap/vectorization_short_regress.q.out
HIVE-19629,ql/src/test/results/clientpositive/llap/vectorized_case.q.out
HIVE-19629,ql/src/test/results/clientpositive/llap/vectorized_casts.q.out
HIVE-19629,ql/src/test/results/clientpositive/llap/vectorized_context.q.out
HIVE-19629,ql/src/test/results/clientpositive/llap/vectorized_date_funcs.q.out
HIVE-19629,ql/src/test/results/clientpositive/llap/vectorized_distinct_gby.q.out
HIVE-19629,ql/src/test/results/clientpositive/llap/vectorized_dynamic_partition_pruning.q.out
HIVE-19629,ql/src/test/results/clientpositive/llap/vectorized_dynamic_semijoin_reduction.q.out
HIVE-19629,ql/src/test/results/clientpositive/llap/vectorized_dynamic_semijoin_reduction2.q.out
HIVE-19629,ql/src/test/results/clientpositive/llap/vectorized_mapjoin.q.out
HIVE-19629,ql/src/test/results/clientpositive/llap/vectorized_mapjoin3.q.out
HIVE-19629,ql/src/test/results/clientpositive/llap/vectorized_math_funcs.q.out
HIVE-19629,ql/src/test/results/clientpositive/llap/vectorized_nested_mapjoin.q.out
HIVE-19629,ql/src/test/results/clientpositive/llap/vectorized_ptf.q.out
HIVE-19629,ql/src/test/results/clientpositive/llap/vectorized_shufflejoin.q.out
HIVE-19629,ql/src/test/results/clientpositive/llap/vectorized_string_funcs.q.out
HIVE-19629,ql/src/test/results/clientpositive/llap/vectorized_timestamp.q.out
HIVE-19629,ql/src/test/results/clientpositive/llap/vectorized_timestamp_funcs.q.out
HIVE-19629,ql/src/test/results/clientpositive/llap/vectorized_timestamp_ints_casts.q.out
HIVE-19629,ql/src/test/results/clientpositive/mergejoin.q.out
HIVE-19629,ql/src/test/results/clientpositive/orc_file_dump.q.out
HIVE-19629,ql/src/test/results/clientpositive/orc_merge11.q.out
HIVE-19629,ql/src/test/results/clientpositive/orc_merge5.q.out
HIVE-19629,ql/src/test/results/clientpositive/orc_merge6.q.out
HIVE-19629,ql/src/test/results/clientpositive/orc_merge_incompat1.q.out
HIVE-19629,ql/src/test/results/clientpositive/orc_merge_incompat2.q.out
HIVE-19629,ql/src/test/results/clientpositive/orc_struct_type_vectorization.q.out
HIVE-19629,ql/src/test/results/clientpositive/spark/orc_merge5.q.out
HIVE-19629,ql/src/test/results/clientpositive/spark/orc_merge6.q.out
HIVE-19629,ql/src/test/results/clientpositive/spark/orc_merge7.q.out
HIVE-19629,ql/src/test/results/clientpositive/spark/orc_merge_incompat1.q.out
HIVE-19629,ql/src/test/results/clientpositive/spark/orc_merge_incompat2.q.out
HIVE-19629,ql/src/test/results/clientpositive/spark/spark_vectorized_dynamic_partition_pruning.q.out
HIVE-19629,ql/src/test/results/clientpositive/spark/vector_between_in.q.out
HIVE-19629,ql/src/test/results/clientpositive/spark/vector_cast_constant.q.out
HIVE-19629,ql/src/test/results/clientpositive/spark/vector_char_4.q.out
HIVE-19629,ql/src/test/results/clientpositive/spark/vector_count_distinct.q.out
HIVE-19629,ql/src/test/results/clientpositive/spark/vector_data_types.q.out
HIVE-19629,ql/src/test/results/clientpositive/spark/vector_decimal_aggregate.q.out
HIVE-19629,ql/src/test/results/clientpositive/spark/vector_decimal_mapjoin.q.out
HIVE-19629,ql/src/test/results/clientpositive/spark/vector_distinct_2.q.out
HIVE-19629,ql/src/test/results/clientpositive/spark/vector_elt.q.out
HIVE-19629,ql/src/test/results/clientpositive/spark/vector_groupby_3.q.out
HIVE-19629,ql/src/test/results/clientpositive/spark/vector_inner_join.q.out
HIVE-19629,ql/src/test/results/clientpositive/spark/vector_left_outer_join.q.out
HIVE-19629,ql/src/test/results/clientpositive/spark/vector_orderby_5.q.out
HIVE-19629,ql/src/test/results/clientpositive/spark/vector_outer_join0.q.out
HIVE-19629,ql/src/test/results/clientpositive/spark/vector_outer_join1.q.out
HIVE-19629,ql/src/test/results/clientpositive/spark/vector_outer_join2.q.out
HIVE-19629,ql/src/test/results/clientpositive/spark/vector_string_concat.q.out
HIVE-19629,ql/src/test/results/clientpositive/spark/vector_varchar_4.q.out
HIVE-19629,ql/src/test/results/clientpositive/spark/vectorization_0.q.out
HIVE-19629,ql/src/test/results/clientpositive/spark/vectorization_1.q.out
HIVE-19629,ql/src/test/results/clientpositive/spark/vectorization_10.q.out
HIVE-19629,ql/src/test/results/clientpositive/spark/vectorization_11.q.out
HIVE-19629,ql/src/test/results/clientpositive/spark/vectorization_12.q.out
HIVE-19629,ql/src/test/results/clientpositive/spark/vectorization_13.q.out
HIVE-19629,ql/src/test/results/clientpositive/spark/vectorization_14.q.out
HIVE-19629,ql/src/test/results/clientpositive/spark/vectorization_15.q.out
HIVE-19629,ql/src/test/results/clientpositive/spark/vectorization_16.q.out
HIVE-19629,ql/src/test/results/clientpositive/spark/vectorization_17.q.out
HIVE-19629,ql/src/test/results/clientpositive/spark/vectorization_2.q.out
HIVE-19629,ql/src/test/results/clientpositive/spark/vectorization_3.q.out
HIVE-19629,ql/src/test/results/clientpositive/spark/vectorization_4.q.out
HIVE-19629,ql/src/test/results/clientpositive/spark/vectorization_5.q.out
HIVE-19629,ql/src/test/results/clientpositive/spark/vectorization_6.q.out
HIVE-19629,ql/src/test/results/clientpositive/spark/vectorization_9.q.out
HIVE-19629,ql/src/test/results/clientpositive/spark/vectorization_decimal_date.q.out
HIVE-19629,ql/src/test/results/clientpositive/spark/vectorization_div0.q.out
HIVE-19629,ql/src/test/results/clientpositive/spark/vectorization_nested_udf.q.out
HIVE-19629,ql/src/test/results/clientpositive/spark/vectorization_part_project.q.out
HIVE-19629,ql/src/test/results/clientpositive/spark/vectorization_pushdown.q.out
HIVE-19629,ql/src/test/results/clientpositive/spark/vectorization_short_regress.q.out
HIVE-19629,ql/src/test/results/clientpositive/spark/vectorized_case.q.out
HIVE-19629,ql/src/test/results/clientpositive/spark/vectorized_mapjoin.q.out
HIVE-19629,ql/src/test/results/clientpositive/spark/vectorized_math_funcs.q.out
HIVE-19629,ql/src/test/results/clientpositive/spark/vectorized_nested_mapjoin.q.out
HIVE-19629,ql/src/test/results/clientpositive/spark/vectorized_ptf.q.out
HIVE-19629,ql/src/test/results/clientpositive/spark/vectorized_shufflejoin.q.out
HIVE-19629,ql/src/test/results/clientpositive/spark/vectorized_string_funcs.q.out
HIVE-19629,ql/src/test/results/clientpositive/spark/vectorized_timestamp_funcs.q.out
HIVE-19629,ql/src/test/results/clientpositive/tez/acid_vectorization_original_tez.q.out
HIVE-19629,ql/src/test/results/clientpositive/tez/explainanalyze_3.q.out
HIVE-19629,ql/src/test/results/clientpositive/tez/vector_non_string_partition.q.out
HIVE-19629,ql/src/test/results/clientpositive/vector_aggregate_9.q.out
HIVE-19629,ql/src/test/results/clientpositive/vector_aggregate_without_gby.q.out
HIVE-19629,ql/src/test/results/clientpositive/vector_between_columns.q.out
HIVE-19629,ql/src/test/results/clientpositive/vector_binary_join_groupby.q.out
HIVE-19629,ql/src/test/results/clientpositive/vector_bround.q.out
HIVE-19629,ql/src/test/results/clientpositive/vector_case_when_1.q.out
HIVE-19629,ql/src/test/results/clientpositive/vector_case_when_2.q.out
HIVE-19629,ql/src/test/results/clientpositive/vector_cast_constant.q.out
HIVE-19629,ql/src/test/results/clientpositive/vector_char_2.q.out
HIVE-19629,ql/src/test/results/clientpositive/vector_char_4.q.out
HIVE-19629,ql/src/test/results/clientpositive/vector_char_mapjoin1.q.out
HIVE-19629,ql/src/test/results/clientpositive/vector_char_simple.q.out
HIVE-19629,ql/src/test/results/clientpositive/vector_coalesce.q.out
HIVE-19629,ql/src/test/results/clientpositive/vector_coalesce_2.q.out
HIVE-19629,ql/src/test/results/clientpositive/vector_coalesce_3.q.out
HIVE-19629,ql/src/test/results/clientpositive/vector_coalesce_4.q.out
HIVE-19629,ql/src/test/results/clientpositive/vector_count.q.out
HIVE-19629,ql/src/test/results/clientpositive/vector_data_types.q.out
HIVE-19629,ql/src/test/results/clientpositive/vector_date_1.q.out
HIVE-19629,ql/src/test/results/clientpositive/vector_decimal_1.q.out
HIVE-19629,ql/src/test/results/clientpositive/vector_decimal_10_0.q.out
HIVE-19629,ql/src/test/results/clientpositive/vector_decimal_5.q.out
HIVE-19629,ql/src/test/results/clientpositive/vector_decimal_6.q.out
HIVE-19629,ql/src/test/results/clientpositive/vector_decimal_aggregate.q.out
HIVE-19629,ql/src/test/results/clientpositive/vector_decimal_cast.q.out
HIVE-19629,ql/src/test/results/clientpositive/vector_decimal_expressions.q.out
HIVE-19629,ql/src/test/results/clientpositive/vector_decimal_mapjoin.q.out
HIVE-19629,ql/src/test/results/clientpositive/vector_decimal_math_funcs.q.out
HIVE-19629,ql/src/test/results/clientpositive/vector_decimal_precision.q.out
HIVE-19629,ql/src/test/results/clientpositive/vector_decimal_round.q.out
HIVE-19629,ql/src/test/results/clientpositive/vector_decimal_round_2.q.out
HIVE-19629,ql/src/test/results/clientpositive/vector_decimal_trailing.q.out
HIVE-19629,ql/src/test/results/clientpositive/vector_decimal_udf2.q.out
HIVE-19629,ql/src/test/results/clientpositive/vector_delete_orig_table.q.out
HIVE-19629,ql/src/test/results/clientpositive/vector_distinct_2.q.out
HIVE-19629,ql/src/test/results/clientpositive/vector_elt.q.out
HIVE-19629,ql/src/test/results/clientpositive/vector_empty_where.q.out
HIVE-19629,ql/src/test/results/clientpositive/vector_groupby4.q.out
HIVE-19629,ql/src/test/results/clientpositive/vector_groupby6.q.out
HIVE-19629,ql/src/test/results/clientpositive/vector_groupby_3.q.out
HIVE-19629,ql/src/test/results/clientpositive/vector_groupby_reduce.q.out
HIVE-19629,ql/src/test/results/clientpositive/vector_grouping_sets.q.out
HIVE-19629,ql/src/test/results/clientpositive/vector_if_expr.q.out
HIVE-19629,ql/src/test/results/clientpositive/vector_include_no_sel.q.out
HIVE-19629,ql/src/test/results/clientpositive/vector_interval_1.q.out
HIVE-19629,ql/src/test/results/clientpositive/vector_interval_arithmetic.q.out
HIVE-19629,ql/src/test/results/clientpositive/vector_interval_mapjoin.q.out
HIVE-19629,ql/src/test/results/clientpositive/vector_left_outer_join.q.out
HIVE-19629,ql/src/test/results/clientpositive/vector_left_outer_join2.q.out
HIVE-19629,ql/src/test/results/clientpositive/vector_multi_insert.q.out
HIVE-19629,ql/src/test/results/clientpositive/vector_non_string_partition.q.out
HIVE-19629,ql/src/test/results/clientpositive/vector_null_projection.q.out
HIVE-19629,ql/src/test/results/clientpositive/vector_nvl.q.out
HIVE-19629,ql/src/test/results/clientpositive/vector_orderby_5.q.out
HIVE-19629,ql/src/test/results/clientpositive/vector_outer_join0.q.out
HIVE-19629,ql/src/test/results/clientpositive/vector_outer_join1.q.out
HIVE-19629,ql/src/test/results/clientpositive/vector_outer_join2.q.out
HIVE-19629,ql/src/test/results/clientpositive/vector_outer_join3.q.out
HIVE-19629,ql/src/test/results/clientpositive/vector_outer_join4.q.out
HIVE-19629,ql/src/test/results/clientpositive/vector_outer_join6.q.out
HIVE-19629,ql/src/test/results/clientpositive/vector_outer_join_no_keys.q.out
HIVE-19629,ql/src/test/results/clientpositive/vector_reduce1.q.out
HIVE-19629,ql/src/test/results/clientpositive/vector_reduce2.q.out
HIVE-19629,ql/src/test/results/clientpositive/vector_reduce3.q.out
HIVE-19629,ql/src/test/results/clientpositive/vector_reduce_groupby_decimal.q.out
HIVE-19629,ql/src/test/results/clientpositive/vector_string_concat.q.out
HIVE-19629,ql/src/test/results/clientpositive/vector_struct_in.q.out
HIVE-19629,ql/src/test/results/clientpositive/vector_tablesample_rows.q.out
HIVE-19629,ql/src/test/results/clientpositive/vector_udf3.q.out
HIVE-19629,ql/src/test/results/clientpositive/vector_varchar_4.q.out
HIVE-19629,ql/src/test/results/clientpositive/vector_varchar_mapjoin1.q.out
HIVE-19629,ql/src/test/results/clientpositive/vector_varchar_simple.q.out
HIVE-19629,ql/src/test/results/clientpositive/vector_when_case_null.q.out
HIVE-19629,ql/src/test/results/clientpositive/vectorization_1.q.out
HIVE-19629,ql/src/test/results/clientpositive/vectorization_10.q.out
HIVE-19629,ql/src/test/results/clientpositive/vectorization_11.q.out
HIVE-19629,ql/src/test/results/clientpositive/vectorization_12.q.out
HIVE-19629,ql/src/test/results/clientpositive/vectorization_13.q.out
HIVE-19629,ql/src/test/results/clientpositive/vectorization_14.q.out
HIVE-19629,ql/src/test/results/clientpositive/vectorization_15.q.out
HIVE-19629,ql/src/test/results/clientpositive/vectorization_16.q.out
HIVE-19629,ql/src/test/results/clientpositive/vectorization_17.q.out
HIVE-19629,ql/src/test/results/clientpositive/vectorization_2.q.out
HIVE-19629,ql/src/test/results/clientpositive/vectorization_3.q.out
HIVE-19629,ql/src/test/results/clientpositive/vectorization_4.q.out
HIVE-19629,ql/src/test/results/clientpositive/vectorization_5.q.out
HIVE-19629,ql/src/test/results/clientpositive/vectorization_6.q.out
HIVE-19629,ql/src/test/results/clientpositive/vectorization_7.q.out
HIVE-19629,ql/src/test/results/clientpositive/vectorization_8.q.out
HIVE-19629,ql/src/test/results/clientpositive/vectorization_9.q.out
HIVE-19629,ql/src/test/results/clientpositive/vectorization_decimal_date.q.out
HIVE-19629,ql/src/test/results/clientpositive/vectorization_limit.q.out
HIVE-19629,ql/src/test/results/clientpositive/vectorization_nested_udf.q.out
HIVE-19629,ql/src/test/results/clientpositive/vectorization_offset_limit.q.out
HIVE-19629,ql/src/test/results/clientpositive/vectorization_part_project.q.out
HIVE-19629,ql/src/test/results/clientpositive/vectorization_pushdown.q.out
HIVE-19629,ql/src/test/results/clientpositive/vectorized_case.q.out
HIVE-19629,ql/src/test/results/clientpositive/vectorized_casts.q.out
HIVE-19629,ql/src/test/results/clientpositive/vectorized_context.q.out
HIVE-19629,ql/src/test/results/clientpositive/vectorized_date_funcs.q.out
HIVE-19629,ql/src/test/results/clientpositive/vectorized_mapjoin.q.out
HIVE-19629,ql/src/test/results/clientpositive/vectorized_mapjoin2.q.out
HIVE-19629,ql/src/test/results/clientpositive/vectorized_mapjoin3.q.out
HIVE-19629,ql/src/test/results/clientpositive/vectorized_math_funcs.q.out
HIVE-19629,ql/src/test/results/clientpositive/vectorized_string_funcs.q.out
HIVE-19629,ql/src/test/results/clientpositive/vectorized_timestamp.q.out
HIVE-19629,ql/src/test/results/clientpositive/vectorized_timestamp_funcs.q.out
HIVE-19629,ql/src/test/results/clientpositive/vectorized_timestamp_ints_casts.q.out
HIVE-19875,common/src/java/org/apache/hadoop/hive/conf/HiveConf.java
HIVE-19875,llap-server/src/java/org/apache/hadoop/hive/llap/io/api/impl/LlapRecordReader.java
HIVE-19884,itests/src/test/resources/testconfiguration.properties
HIVE-19884,ql/src/test/queries/clientpositive/materialized_view_rewrite_empty.q
HIVE-19884,ql/src/test/results/clientpositive/llap/materialized_view_rewrite_empty.q.out
HIVE-19884,standalone-metastore/src/main/java/org/apache/hadoop/hive/metastore/MaterializationsInvalidationCache.java
HIVE-19884,standalone-metastore/src/main/java/org/apache/hadoop/hive/metastore/txn/TxnHandler.java
HIVE-19877,streaming/src/java/org/apache/hive/streaming/HiveStreamingConnection.java
HIVE-19864,itests/hive-unit/src/test/java/org/apache/hive/jdbc/AbstractJdbcTriggersTest.java
HIVE-19864,itests/hive-unit/src/test/java/org/apache/hive/jdbc/TestTriggersMoveWorkloadManager.java
HIVE-19864,itests/hive-unit/src/test/java/org/apache/hive/jdbc/TestTriggersNoTezSessionPool.java
HIVE-19864,itests/hive-unit/src/test/java/org/apache/hive/jdbc/TestTriggersTezSessionPoolManager.java
HIVE-19864,itests/hive-unit/src/test/java/org/apache/hive/jdbc/TestTriggersWorkloadManager.java
HIVE-19801,jdbc/pom.xml
HIVE-19873,common/src/java/org/apache/hadoop/hive/conf/HiveConf.java
HIVE-19873,ql/src/java/org/apache/hadoop/hive/ql/session/OperationLog.java
HIVE-19873,service/src/java/org/apache/hive/service/cli/operation/HiveCommandOperation.java
HIVE-19873,service/src/java/org/apache/hive/service/cli/operation/MetadataOperation.java
HIVE-19873,service/src/java/org/apache/hive/service/cli/operation/Operation.java
HIVE-19873,service/src/java/org/apache/hive/service/cli/operation/SQLOperation.java
HIVE-19794,common/src/java/org/apache/hadoop/hive/conf/HiveConf.java
HIVE-19794,itests/hive-unit/src/test/java/org/apache/hive/jdbc/TestJdbcGenericUDTFGetSplits.java
HIVE-19794,ql/src/java/org/apache/hadoop/hive/ql/exec/tez/HiveSplitGenerator.java
HIVE-19794,ql/src/java/org/apache/hadoop/hive/ql/udf/generic/GenericUDTFGetSplits.java
HIVE-19827,bin/hive
HIVE-19817,serde/src/java/org/apache/hadoop/hive/serde2/JsonSerDe.java
HIVE-19817,streaming/src/java/org/apache/hive/streaming/HiveStreamingConnection.java
HIVE-19817,streaming/src/java/org/apache/hive/streaming/StrictJsonWriter.java
HIVE-19817,streaming/src/java/org/apache/hive/streaming/StrictRegexWriter.java
HIVE-19817,streaming/src/test/org/apache/hive/streaming/TestStreamingDynamicPartitioning.java
HIVE-19773,itests/src/test/resources/testconfiguration.properties
HIVE-19773,ql/src/java/org/apache/hadoop/hive/ql/metadata/Hive.java
HIVE-19773,ql/src/java/org/apache/hadoop/hive/ql/parse/CalcitePlanner.java
HIVE-19773,ql/src/test/queries/clientpositive/materialized_view_rebuild.q
HIVE-19773,ql/src/test/results/clientpositive/llap/materialized_view_rebuild.q.out
HIVE-19772,ql/src/java/org/apache/hadoop/hive/ql/io/orc/OrcRecordUpdater.java
HIVE-19772,streaming/src/java/org/apache/hive/streaming/AbstractRecordWriter.java
HIVE-19772,streaming/src/java/org/apache/hive/streaming/HiveStreamingConnection.java
HIVE-19726,ql/src/test/queries/clientpositive/orc_ppd_date.q
HIVE-19726,ql/src/test/results/clientpositive/llap/orc_ppd_date.q.out
HIVE-19726,storage-api/src/java/org/apache/hadoop/hive/ql/io/sarg/SearchArgumentImpl.java
HIVE-19632,druid-handler/pom.xml
HIVE-19632,jdbc/pom.xml
HIVE-19588,llap-server/src/java/org/apache/hadoop/hive/llap/io/api/impl/LlapRecordReader.java
HIVE-19588,ql/src/java/org/apache/hadoop/hive/ql/io/AcidUtils.java
HIVE-19588,ql/src/java/org/apache/hadoop/hive/ql/io/orc/OrcInputFormat.java
HIVE-19588,ql/src/java/org/apache/hadoop/hive/ql/io/orc/OrcRawRecordMerger.java
HIVE-19588,ql/src/java/org/apache/hadoop/hive/ql/io/orc/VectorizedOrcAcidRowBatchReader.java
HIVE-19588,ql/src/test/org/apache/hadoop/hive/ql/io/orc/TestInputOutputFormat.java
HIVE-19588,ql/src/test/org/apache/hadoop/hive/ql/io/orc/TestVectorizedOrcAcidRowBatchReader.java
HIVE-19697,ql/src/test/org/apache/hadoop/hive/ql/plan/mapping/TestReOptimization.java
HIVE-19698,llap-server/pom.xml
HIVE-19677,itests/src/test/resources/testconfiguration.properties
HIVE-19613,ql/src/java/org/apache/hadoop/hive/ql/udf/generic/GenericUDTFGetSplits.java
HIVE-19614,ql/src/java/org/apache/hadoop/hive/ql/udf/generic/GenericUDTFGetSplits.java
HIVE-19485,itests/hive-unit/src/test/java/org/apache/hadoop/hive/ql/parse/TestReplicationScenariosAcrossInstances.java
HIVE-19485,ql/src/java/org/apache/hadoop/hive/ql/exec/ExportTask.java
HIVE-19485,ql/src/java/org/apache/hadoop/hive/ql/parse/repl/dump/TableExport.java
HIVE-19575,itests/hive-unit/src/test/java/org/apache/hadoop/hive/ql/TestAutoPurgeTables.java
HIVE-19567,itests/hive-unit/src/test/java/org/apache/hive/jdbc/TestTriggersMoveWorkloadManager.java
HIVE-19567,ql/src/java/org/apache/hadoop/hive/ql/hooks/PostExecWMEventsSummaryPrinter.java
HIVE-19468,ql/src/test/org/apache/hadoop/hive/ql/TestTxnConcatenate.java
HIVE-19389,beeline/src/java/org/apache/hive/beeline/HiveSchemaTool.java
HIVE-19389,standalone-metastore/src/main/java/org/apache/hadoop/hive/metastore/tools/HiveSchemaHelper.java
HIVE-19388,ql/src/java/org/apache/hadoop/hive/ql/exec/persistence/MapJoinTableContainerSerDe.java
HIVE-19385,bin/ext/cli.sh
HIVE-19277,service/src/java/org/apache/hive/http/HttpConstants.java
HIVE-19277,service/src/java/org/apache/hive/http/LlapServlet.java
HIVE-19277,service/src/java/org/apache/hive/service/servlet/HS2LeadershipStatus.java
HIVE-19277,service/src/java/org/apache/hive/service/servlet/HS2Peers.java
HIVE-19315,ql/src/test/org/apache/hadoop/hive/ql/lockmgr/TestDbTxnManager2.java
HIVE-19168,itests/hive-unit/src/test/java/org/apache/hive/jdbc/authorization/TestJdbcWithSQLAuthorization.java
HIVE-19168,ql/src/java/org/apache/hadoop/hive/ql/processors/LlapCacheResourceProcessor.java
HIVE-19168,ql/src/java/org/apache/hadoop/hive/ql/processors/LlapClusterResourceProcessor.java
HIVE-19168,ql/src/java/org/apache/hadoop/hive/ql/security/authorization/plugin/HiveOperationType.java
HIVE-19168,ql/src/java/org/apache/hadoop/hive/ql/security/authorization/plugin/sqlstd/Operation2Privilege.java
HIVE-19249,ql/src/java/org/apache/hadoop/hive/ql/metadata/Hive.java
